/*
Navicat MySQL Data Transfer

Source Server         : vipsnacks
Source Server Version : 50711
Source Host           : localhost:3306
Source Database       : wish

Target Server Type    : MYSQL
Target Server Version : 50711
File Encoding         : 65001

Date: 2017-07-31 15:00:08
*/

SET FOREIGN_KEY_CHECKS=0;

-- ----------------------------
-- Table structure for act_evt_log
-- ----------------------------
DROP TABLE IF EXISTS `act_evt_log`;
CREATE TABLE `act_evt_log` (
  `LOG_NR_` bigint(20) NOT NULL AUTO_INCREMENT,
  `TYPE_` varchar(64) COLLATE utf8_bin DEFAULT NULL,
  `PROC_DEF_ID_` varchar(64) COLLATE utf8_bin DEFAULT NULL,
  `PROC_INST_ID_` varchar(64) COLLATE utf8_bin DEFAULT NULL,
  `EXECUTION_ID_` varchar(64) COLLATE utf8_bin DEFAULT NULL,
  `TASK_ID_` varchar(64) COLLATE utf8_bin DEFAULT NULL,
  `TIME_STAMP_` timestamp(3) NOT NULL DEFAULT CURRENT_TIMESTAMP(3) ON UPDATE CURRENT_TIMESTAMP(3),
  `USER_ID_` varchar(255) COLLATE utf8_bin DEFAULT NULL,
  `DATA_` longblob,
  `LOCK_OWNER_` varchar(255) COLLATE utf8_bin DEFAULT NULL,
  `LOCK_TIME_` timestamp(3) NULL DEFAULT NULL,
  `IS_PROCESSED_` tinyint(4) DEFAULT '0',
  PRIMARY KEY (`LOG_NR_`)
) ENGINE=InnoDB DEFAULT CHARSET=utf8 COLLATE=utf8_bin;

-- ----------------------------
-- Records of act_evt_log
-- ----------------------------

-- ----------------------------
-- Table structure for act_ge_bytearray
-- ----------------------------
DROP TABLE IF EXISTS `act_ge_bytearray`;
CREATE TABLE `act_ge_bytearray` (
  `ID_` varchar(64) COLLATE utf8_bin NOT NULL,
  `REV_` int(11) DEFAULT NULL,
  `NAME_` varchar(255) COLLATE utf8_bin DEFAULT NULL,
  `DEPLOYMENT_ID_` varchar(64) COLLATE utf8_bin DEFAULT NULL,
  `BYTES_` longblob,
  `GENERATED_` tinyint(4) DEFAULT NULL,
  PRIMARY KEY (`ID_`),
  KEY `ACT_FK_BYTEARR_DEPL` (`DEPLOYMENT_ID_`),
  CONSTRAINT `ACT_FK_BYTEARR_DEPL` FOREIGN KEY (`DEPLOYMENT_ID_`) REFERENCES `act_re_deployment` (`ID_`)
) ENGINE=InnoDB DEFAULT CHARSET=utf8 COLLATE=utf8_bin;

-- ----------------------------
-- Records of act_ge_bytearray
-- ----------------------------
INSERT INTO `act_ge_bytearray` VALUES ('15002', '1', 'LeaveBill.bpmn', '15001', 0x3C3F786D6C2076657273696F6E3D22312E302220656E636F64696E673D225554462D38223F3E0A3C646566696E6974696F6E7320786D6C6E733D22687474703A2F2F7777772E6F6D672E6F72672F737065632F42504D4E2F32303130303532342F4D4F44454C2220786D6C6E733A7873693D22687474703A2F2F7777772E77332E6F72672F323030312F584D4C536368656D612D696E7374616E63652220786D6C6E733A7873643D22687474703A2F2F7777772E77332E6F72672F323030312F584D4C536368656D612220786D6C6E733A61637469766974693D22687474703A2F2F61637469766974692E6F72672F62706D6E2220786D6C6E733A62706D6E64693D22687474703A2F2F7777772E6F6D672E6F72672F737065632F42504D4E2F32303130303532342F44492220786D6C6E733A6F6D6764633D22687474703A2F2F7777772E6F6D672E6F72672F737065632F44442F32303130303532342F44432220786D6C6E733A6F6D6764693D22687474703A2F2F7777772E6F6D672E6F72672F737065632F44442F32303130303532342F44492220747970654C616E67756167653D22687474703A2F2F7777772E77332E6F72672F323030312F584D4C536368656D61222065787072657373696F6E4C616E67756167653D22687474703A2F2F7777772E77332E6F72672F313939392F585061746822207461726765744E616D6573706163653D22687474703A2F2F7777772E61637469766974692E6F72672F74657374223E0A20203C70726F636573732069643D224C6561766542696C6C22206E616D653D22E8AFB7E58187E69DA12220697345786563757461626C653D2274727565223E0A202020203C73746172744576656E742069643D2273746172746576656E743122206E616D653D225374617274223E3C2F73746172744576656E743E0A202020203C757365725461736B2069643D22757365727461736B3122206E616D653D22E68F90E4BAA4E794B3E8AFB7222061637469766974693A61737369676E65653D22247B696E707574557365727D222061637469766974693A666F726D4B65793D226175646974223E3C2F757365725461736B3E0A202020203C757365725461736B2069643D22757365727461736B3222206E616D653D22626F7373E5AEA1E689B9222061637469766974693A61737369676E65653D22247B6D616E616765557365727D222061637469766974693A666F726D4B65793D226175646974223E3C2F757365725461736B3E0A202020203C656E644576656E742069643D22656E646576656E743122206E616D653D22456E64223E3C2F656E644576656E743E0A202020203C73657175656E6365466C6F772069643D22666C6F77312220736F757263655265663D2273746172746576656E743122207461726765745265663D22757365727461736B31223E3C2F73657175656E6365466C6F773E0A202020203C73657175656E6365466C6F772069643D22666C6F77322220736F757263655265663D22757365727461736B3122207461726765745265663D22757365727461736B32223E3C2F73657175656E6365466C6F773E0A202020203C73657175656E6365466C6F772069643D22666C6F77352220736F757263655265663D22757365727461736B3222207461726765745265663D22757365727461736B31223E3C2F73657175656E6365466C6F773E0A202020203C73657175656E6365466C6F772069643D22666C6F77362220736F757263655265663D22757365727461736B3222207461726765745265663D22656E646576656E7431223E3C2F73657175656E6365466C6F773E0A20203C2F70726F636573733E0A20203C62706D6E64693A42504D4E4469616772616D2069643D2242504D4E4469616772616D5F6D7950726F63657373223E0A202020203C62706D6E64693A42504D4E506C616E652062706D6E456C656D656E743D226D7950726F63657373222069643D2242504D4E506C616E655F6D7950726F63657373223E0A2020202020203C62706D6E64693A42504D4E53686170652062706D6E456C656D656E743D2273746172746576656E7431222069643D2242504D4E53686170655F73746172746576656E7431223E0A20202020202020203C6F6D6764633A426F756E6473206865696768743D2233352E30222077696474683D2233352E302220783D223336302E302220793D223131302E30223E3C2F6F6D6764633A426F756E64733E0A2020202020203C2F62706D6E64693A42504D4E53686170653E0A2020202020203C62706D6E64693A42504D4E53686170652062706D6E456C656D656E743D22757365727461736B31222069643D2242504D4E53686170655F757365727461736B31223E0A20202020202020203C6F6D6764633A426F756E6473206865696768743D2235352E30222077696474683D223130352E302220783D223332352E302220793D223231302E30223E3C2F6F6D6764633A426F756E64733E0A2020202020203C2F62706D6E64693A42504D4E53686170653E0A2020202020203C62706D6E64693A42504D4E53686170652062706D6E456C656D656E743D22757365727461736B32222069643D2242504D4E53686170655F757365727461736B32223E0A20202020202020203C6F6D6764633A426F756E6473206865696768743D2235352E30222077696474683D223130352E302220783D223332352E302220793D223332302E30223E3C2F6F6D6764633A426F756E64733E0A2020202020203C2F62706D6E64693A42504D4E53686170653E0A2020202020203C62706D6E64693A42504D4E53686170652062706D6E456C656D656E743D22656E646576656E7431222069643D2242504D4E53686170655F656E646576656E7431223E0A20202020202020203C6F6D6764633A426F756E6473206865696768743D2233352E30222077696474683D2233352E302220783D223336302E302220793D223433302E30223E3C2F6F6D6764633A426F756E64733E0A2020202020203C2F62706D6E64693A42504D4E53686170653E0A2020202020203C62706D6E64693A42504D4E456467652062706D6E456C656D656E743D22666C6F7731222069643D2242504D4E456467655F666C6F7731223E0A20202020202020203C6F6D6764693A776179706F696E7420783D223337372E302220793D223134352E30223E3C2F6F6D6764693A776179706F696E743E0A20202020202020203C6F6D6764693A776179706F696E7420783D223337372E302220793D223231302E30223E3C2F6F6D6764693A776179706F696E743E0A2020202020203C2F62706D6E64693A42504D4E456467653E0A2020202020203C62706D6E64693A42504D4E456467652062706D6E456C656D656E743D22666C6F7732222069643D2242504D4E456467655F666C6F7732223E0A20202020202020203C6F6D6764693A776179706F696E7420783D223337372E302220793D223236352E30223E3C2F6F6D6764693A776179706F696E743E0A20202020202020203C6F6D6764693A776179706F696E7420783D223337372E302220793D223332302E30223E3C2F6F6D6764693A776179706F696E743E0A2020202020203C2F62706D6E64693A42504D4E456467653E0A2020202020203C62706D6E64693A42504D4E456467652062706D6E456C656D656E743D22666C6F7735222069643D2242504D4E456467655F666C6F7735223E0A20202020202020203C6F6D6764693A776179706F696E7420783D223433302E302220793D223334372E30223E3C2F6F6D6764693A776179706F696E743E0A20202020202020203C6F6D6764693A776179706F696E7420783D223533312E302220793D223334372E30223E3C2F6F6D6764693A776179706F696E743E0A20202020202020203C6F6D6764693A776179706F696E7420783D223533312E302220793D223233372E30223E3C2F6F6D6764693A776179706F696E743E0A20202020202020203C6F6D6764693A776179706F696E7420783D223433302E302220793D223233372E30223E3C2F6F6D6764693A776179706F696E743E0A2020202020203C2F62706D6E64693A42504D4E456467653E0A2020202020203C62706D6E64693A42504D4E456467652062706D6E456C656D656E743D22666C6F7736222069643D2242504D4E456467655F666C6F7736223E0A20202020202020203C6F6D6764693A776179706F696E7420783D223337372E302220793D223337352E30223E3C2F6F6D6764693A776179706F696E743E0A20202020202020203C6F6D6764693A776179706F696E7420783D223337372E302220793D223433302E30223E3C2F6F6D6764693A776179706F696E743E0A2020202020203C2F62706D6E64693A42504D4E456467653E0A202020203C2F62706D6E64693A42504D4E506C616E653E0A20203C2F62706D6E64693A42504D4E4469616772616D3E0A3C2F646566696E6974696F6E733E, '0');
INSERT INTO `act_ge_bytearray` VALUES ('15003', '1', 'LeaveBill.LeaveBill.png', '15001', 0x89504E470D0A1A0A0000000D494844520000021D000001DB08060000006F3928D30000143F4944415478DAEDDD6D6C5465A2C0713F605CA389FBC10F26BA89C9BD31FBC1183F6024F1C6F483D9AB89B9AB09ED74DA12C70888159518115C2110B0C155924BA2956C36D16810D67053C166C1DD96B7362C8D1597451A585940604BA1B58BA05D5E8A9E7B9E494BA62D7DB3D3763AF3FB254F2C3D55F49C139EBFCF3C73E6BAEB00000000000000000000000000000000000000000000000000000000000000000000000000000000000000000000000000000000000000000000000000000000000000000000000000000000000000000000000000000000000000000000000000000000000000000000000000000000000000000000000000000000000000000000000000000000000000000000000000000000000000000000000000000000000000000000000000000000000000000000000000000000000000000000000000000000000000000000000000000000000000000000000000000000000000000000000000000000F2CEF2E5CB7F5E5D5DFDDACA952B3F5FBA7469476565E5E5F2F2F2A8B4B4343DE6CE9D7BE5E5975F3EBB62C58A7DEFBCF3CEEF962C59F21FCE1A003062555555FFBD6CD9B2BF565454FC18C746B469D3A668FFFEFD517B7B7B74E5CA95A85767676774E8D0A1E8D34F3F8D56AF5E1D859F8F23E464FCF7CC2D2A2A9AE64C0200D7B460C1823B5F79E5957DB367CFFE71E3C68DE9A8188DCB972F47BB77EF8E962C59F2636565E5E93973E6FC8FB30A00F4B174E9D2F94F3DF554F7FBEFBF1F7575754563D5DCDC1CC5D17179DEBC799B8A8B8B6F76860180EB162F5EFCBB679F7DF6CADEBD7BA36C3A7FFE7C545D5D7D39954A9D8AC3E336671A000A3C38E6CF9FFF43D8AF315ED6AF5FFF434545C5B9383CFED319078002145E52092B1CE3191CBD366FDE7C310E8F562B1E005060C2A6D1B08763DFBE7DD144F9F0C30F4F9595957DE29D2D005040162F5EFC65D8343AD15E78E18553894462BE2B000005203C8723BC2D361BEF5219ADD6D6D62B656565FF4A2693B7BA120090E7C283BF6A6A6AA2C9F2FAEBAFB7C4D1B1CA9500803C161E6D1E9E1C3ADA077F6579B5A33D8E8E6FECED00803CB676EDDA55E1D1E693ED99679EF97B1C1EFFE58A00409E0A1FDE565B5B3BE9D1B166CD9ADD5E6201803C163E2D367C78DB646B6A6ADA575A5ABAC31501803C153E9E7E221E06369CD3A74FB7C5D1D1E68A00409E2A2F2FEFF3F1F493298E8EC81501803C1526FA5C213A00C04A87E80000C62657F6747474749CB2A70300F2D8ABAFBEFA4D4B4B4BAEBC7BA5D11501803C159ED3B165CB969C784E471C1D6FBA220090A7AAABAB575755554D7A74CC9F3FFF401C1D45AE0800E4A9850B17DEF6C4134F4CCA27CC663CA3237CF6CAF7A954EA67AE0800E4B1458B16FD63E7CE9D93161D6FBFFDF6E78944E2F7AE0400E4B9C58B17275F7AE9A51F26E3ADB35D5D5DDD656565FF2A2F2FBFC39500800250595979BAB1B171C2A363E5CA95FB4B4B4BDF720500A040CC9D3BF75773E6CCB97CF6ECD9090B8E2FBEF8E2703299FC477171F1CDAE0000149079F3E6FDDF9A356BBA27E2659653A74E758597554A4A4A1E72E601A0C01415154D7BF2C9278F7DF0C10797C73338DADBDBAFA452A953C9647281B30E00052A0E815B67CD9AD55953537369BC56387A826395B30D00052EBC93A4A2A2A2F5DD77DF3D9DED3D1CE125152B1C00C05561C5230E844FC2BB5A8E1F3F7E71AC6F8B0DEF52099B46EDE10000AE299148CC8FE3E3CC6BAFBDF6E59123474E8FF649A3D5D5D5CD6175A3B4B474AD77A90000430AB11047C3F2789C9C3B77EEDFDF78E38D3D3B76ECF8E2C48913C73323A3B3B3F34CF8B4D8F0E16DE1B354C2A3CDC393463DF80B0018B5382266F404C8D6781C8B47773CA29ED1168F3DE1D362C387B7F92C150020EB4274380B0080E8000044070080E80000440700203A0000440700203A0000440700203A0000D10100203A0000D10100203A0000D10100880E0000D10100880E0000D10100880E0040740000880E0040740000A243740000A20300101D0000A20300101D0080E80000101D0080E80000101D0080E8000044070080E8000044070080E80000440700203A0000440700203A0000440700203A0000D10100203A0000D10100880ED10100880E0040740000880E0040740000A2030040740000A20300A05F60D486C81866343B5300C058A3637A3CBA878A8E4422F1A833050064233CB60E111D7B8A8A8AA6394B004036A263FA60D1914C261F738600806C86C7B5F676345BE50000B21D1D03F676D8CB01008C8B38323EB6CA01004C4474CCC8D8CBF1B03302008C9BDEBD1D56390080F18E8EE99E480A0039288AA269478F1EDDD8D4D4F4C3B66DDBA2BABA3A2307467D7D7DD4D0D0F04D3C2ADCA500E485101C8D8D8D517B7B7B74E9D225238746474747B46BD7AE737180CC74A70230E585150EC191D3E171A9AEAEEEA03B1580292FBCA46272CFED114747B73B1580292FEC1F30B1E77C74D8180B40E144C7F7DFB645479BDF8B5AEA57A447F83A7C4F14880E00C85A747C77B6353AF0A7A5D1DFFEB8B0CF08DF0BC78481E80080AC44C7C9964F060447EFF8674BAD30101D00909DE838B8E3B783464738260C44070064253A0ED42D1F343AC23161203A004074880E00983AD111DEAD3258748463C24074004056A2E3F0EEB7078D8E704C18880E00C84A7474B6EE8F0EFC79D9C09756E2EF8563C24074004056A2238C639F7F30203AC2F74481E80080EC45C7C58BD1E1BFAC1DF8D24AFCBD704C18880E0018737484278E7EB5FBAD41F77484639E4A2A3A00E0A747C7C58B51DBE1EDD1979FFE66D0E0E81DE167C2CF5AF5101D0030AAE8186E75C3AA87E80080AC44C7485637865AF5100AA2030046141D3F35387A8750101D0030A2E830440700880ED131406969E9F44422F1B1BB1900D1618C4B7484D888476D3CBAE361350400D16164373AFAC746EF703703203A8CAC4447229198115E46E91F1BA20300D16164656CD8B021BAD6CA86E800407418591D4385863179C39F1E00A2236F5F5E29292979289EECF69804279FF30D9067D111FFEB5D734CD4F15CDD489A4C261F8E27BD46D1213A00444716A363A8EF8DF7F15C7FCB6CCFCA47A3E8101D00A243744CC8C3C17A563EF6B89B450780E8101D1E832E3A00101DA203D101203A4487E8101D00A24374880ED101405E45C775DE322B3A440780E8304487E8004074880E440780E8304487E800101D86E8407400880ED181E800101D86E8101D00880ED181E800101D86E8101D00A2C3101D880E00D1213A101D00A2C3101DA20300D1213A101D00A2C3101DA203407418A203D101203A4407A203604AD8B66D9B893DB7C785383ABADDA9A20360CA6B6868686B6F6F37B9E7E8686D6DFD431C1D07DDA9A20360CADBBE7DFBAF77EEDCF9ED993367FE6D92CFAD158E101CF5F5F5C7E331D39D2A3A00F2423CA93D1AFFDF747358C60FFB07A6FA0813421EFC77846B715070880E004C08B8C70030219810708F016042C03D06800901DC63009810708F016042C03D06800901DC63009810708F01604200F718002604DC63009810708F01604200F718002604DC63009810C03D06800901F718002604DC63009810C03D06800901F718002604708F016042C03D06800901F718002604708F016042C03D06800901F7180026041302EE31004C08B8C7003021807B0C001302EE31004C08B8C7003021807B0C001302EE31004C08E01E03C084807B0C001302EE31004C08E01E03C084807B0C001302B8C7003021E01E03C084807B0C001302B8C7003021E01E03C08400EE31004C08B8C7003021E01E03201FFEF0AF0D13C030A3D99942740030D63FFCA7C7A37BA8E84824128F3A53880E00B231016C1D223AF61415154D7396101D00646302983E58742493C9C79C21440700D99C04AEB5B7A3D92A07A203806C4F0203F676D8CB81E800605CC491F1B1550E44070013111D3332F6723CEC8C203A0018CFC920BDB7C32A07A20380F19E0CA69B10101D0039288AA269478F1EDDD8D4D4F4C3B66DDBA2BABA3A2307467D7D7DD4D0D0F04D3C2ADCA5A203202F84E0686C6C8CDADBDBA34B972E1939343A3A3AA25DBB769D8B0364A63B5574004C7961854370E474785CAAABAB3BE84E151D00535E7849C5E49EDB238E8E6E77AAE80098F2C2FE01137BCE4787094E7400144E747CFF6D5B74B4F9BDA8A57E457A84AFC3F74481E8101D00642D3ABE3BDB1A1DF8D3D2E86F7F5CD86784EF8563C24074880E00B2121D275B3E19101CBDE39F2DB5C24074880E00B2131D0777FC76D0E808C78481E8101D0064253A0ED42D1F343AC23161203A440700A24374203A00A64E748477AB0C161DE19830101DA20380AC44C7E1DD6F0F1A1DE19830101DA20380AC444767EBFEE8C09F970D7C6925FE5E38260C4487E800202BD111C6B1CF3F18101DE17BA24074880E00B2171D172F4687FFB276E04B2BF1F7C23161203A440700638E8EF0C4D1AF76BF35E89E8E70CC53494587E800E0A747C7C58B51DBE1EDD1979FFE66D0E0E81DE167C2CF5AF5101DA203805145C770AB1B563D4487E8101D0059898E91AC6E0CB5EA21144487E8006044D1F15383A3770805D1213A0018517418A203D101203A4407A203407418A2437400203A4407A203407418A2437400880E4374203A004447A18C30C119B937FCE901203AAC740080E8E83BE2DF3E3D26E3F7EC3F467A5C740080E818F1EF39D4F7863B2E3A00600A47C7ECD9B3A31B6FBC31BAF7DE7BA343870EA58F757676464F3FFD74FAFB37DC7043346FDEBCE8DCB973E9639B376F8EEEBEFBEEE8FAEBAF4F1F7FF0C107A323478E0C7B4C740040814747088530C2D72112C2B1101CE1D7EBD7AF8F366EDC98FE3A84473876CB2DB7A47F7DECD8B1E8B3CF3E4B7F7DDF7DF70D7B4C7400408147C7850B17D2237C1D5635C2B1F0D7C18E3DF0C003E95F87D58C471E7924AAAEAE8E3A3A3A863D263A0040745C0D8BF092483816FEDAFFD84D37DD943E167E1DFEBD9F7FFEF9E817BFF845FAD85D77DD35EC31D10100051E1DEBD6AD8B6A6B6BD35F87D589702C954A0D7879A5B2B2327DECFEFBEF4FFF7ACF9E3DD1A953A7D25FDF7EFBEDC31E131D0050E0D111F66F849743EEB9E79EE8F0E1C3573792860DA6E12595304270F46E243D7EFC78F4F8E38FA75743C2DF17F66CECDAB56BD863DE320B00051A1D86E800407418A203004487E80000D161880E00101DA203004487213A00101D86E80000D1213A00407418A203004487E80000D161880E004487213A004074880E00101D86E80000D1213A0060426CDBB6CDC49EDBE3421C1DDDEE5400A6BC868686B6F6F676937B8E8ED6D6D63FC4D171D09D0AC094B77DFBF65FEFDCB9F3DB3367CEFCDB249F5B2B1C2138EAEBEB8FC763A63B1580BC104F6A8FC6FF37DD1C96F1C3FE81A93E4A4B4BA33CF8EF08D7E2A0E000801C16A2C3590000440700203A0000440700203A0000D10100203A0000D10100203A0000D10100880E0000D10100880E0000D10100880E0040740000880E0040740000880E0040740000A2030040740000A20300101DA20300101D0080E80000101D0080E8000044070080E8000044070080E80000440700203A0000440700203A0000440700203A0000D10100203A0000D10100203A0000D10100880E00801105466D888C6146B33305008C353AA6C7A37BA8E84824128F3A53004036C263EB10D1B1A7A8A8689AB3040064233AA60F161DC964F231670800C866785C6B6F47B3550E0020DBD131606F87BD1C00C0B88823E363AB1C00C04444C78C8CBD1C0F3B2300C0B8E9DDDB61950300C88A6432796B229188FBA2F4CD78EC88C7C97E9B48DBC2DB65E39FF97DFCB3B3E3AFEF74D60080112B292979A867EFC685113C893473844DA67BE291B20A02000CAAE7DD29CDA30C8DC1C6C1B0FAE1AC02007DC481B0AAFFDB61CBCBCBA355AB56451B376E8C5A5A5AA2B6B6B6E8C2850B5170F9F2E5A8BDBD3DFAEAABAFA29A9A9AF4CFCD9A35EB5AF1B135FEE7DCE10C0340812B2E2EBEB967BFC6D55048A552D1BA75EBD251311A5D5D5DD1A64D9BA2050B16F4FF5C96B3F15F8B9C6D0028ECE068CC0C84A54B97A65734C6E2CA952BD1962D5BD22B2519FFECEFE231D359078002D47F8523BC8C1282215B5A5B5BA3850B176686C7054F30058002D3B387E36A1034353545E321EC0109FB3D32573CE2DFFB97AE000014C60A479FCF50092B1CE3296C3AADAAAAEAF37C8FF00C10570200F25C2291F86BE61E8E6CBEA43298F3E7CF4773E6CCC9DC5CFABFAE0400E4B1F0E0AFCC77A98C75D3E868ECDDBBB7FFC6D23B5D1100C853BD9F9B1246785BEC445BBD7A756678BCE98A00401E0AFB287A1F6D1EDECE3ADAE77064C3912347FA3CBF23954AFDDC9501803CD3F3E16DE9093FBCA364B2643E3C2C0EA1C75C1900C8333D9F163B21EF5819CA471F7D64432900E479745C7D18D8A14387262D3AC2334132563AEA5C1900C8BFE838D93BD94FE4BB56FA3B71E2449F6776B83200907FD17175B2EFFDB4D8C9101E1696F9EFE2CA00401E47C764131D0060A5C34A070030E6E8B0A703009890E8F0EE15006042A2E3AD5C784E47F8BD33563ADE72650020CF2493C98A5C7822E9C2850B33A363A62B030079A6BCBCFC8ECCCF5E091F373FC9FB392E84CF83716500200F65EEEBA8A9A999F0E858BB766D6674BCE78A00409ECA7C89A5B2B27242DF3ADBDADA9A5E61E9FDFDCBCACAEE754500204F1515154D8B27FC2F7B27FE4D9B364D5874AC58B122F383DE3E763500A080563BC2CAC3D75F7F3DEEC1B165CB96CC9755BAE3E8B8DB95008002104FFCB5BD11F0E28B2F465D5D5DE3161CBB77EFEEF3B24A3CE6B9020050208A8B8B6F8B27FF8EDE10A8AAAA4A3F9E7C3C8223954AD93C0A00852C9148CC88C7D9DE20087B2E3A3B3BB3FA924ABF158EAD71ECDCECCC0340014A26938FF53EBB238CB02A111E533ED677A92C5BB6ACCF87BA090E00E0BA92929287E228F82E3312C2134B47FBF92CE1C15FE1391CFD5637D22FA9080E00202D994CFE32F353687BC773CF3D176DD8B0216A6C6C4CBFCBA577DF47F86B888CB02A123E4B65D1A245FD4323FD2E159B46018001C26A441C1FABFAAF7AFC94119EC3E16DB100C0907A3EA36565E626D3118EB037E43D4F1A05004625954AFDAC67BFC79B6123E8355E7E694B269375E1E3E9E34029F5E16D0000000000000000000000000000000000B9E9FF012F26C0BD4642C4930000000049454E44AE426082, '1');

-- ----------------------------
-- Table structure for act_ge_property
-- ----------------------------
DROP TABLE IF EXISTS `act_ge_property`;
CREATE TABLE `act_ge_property` (
  `NAME_` varchar(64) COLLATE utf8_bin NOT NULL,
  `VALUE_` varchar(300) COLLATE utf8_bin DEFAULT NULL,
  `REV_` int(11) DEFAULT NULL,
  PRIMARY KEY (`NAME_`)
) ENGINE=InnoDB DEFAULT CHARSET=utf8 COLLATE=utf8_bin;

-- ----------------------------
-- Records of act_ge_property
-- ----------------------------
INSERT INTO `act_ge_property` VALUES ('next.dbid', '27501', '12');
INSERT INTO `act_ge_property` VALUES ('schema.history', 'create(5.22.0.0)', '1');
INSERT INTO `act_ge_property` VALUES ('schema.version', '5.22.0.0', '1');

-- ----------------------------
-- Table structure for act_hi_actinst
-- ----------------------------
DROP TABLE IF EXISTS `act_hi_actinst`;
CREATE TABLE `act_hi_actinst` (
  `ID_` varchar(64) COLLATE utf8_bin NOT NULL,
  `PROC_DEF_ID_` varchar(64) COLLATE utf8_bin NOT NULL,
  `PROC_INST_ID_` varchar(64) COLLATE utf8_bin NOT NULL,
  `EXECUTION_ID_` varchar(64) COLLATE utf8_bin NOT NULL,
  `ACT_ID_` varchar(255) COLLATE utf8_bin NOT NULL,
  `TASK_ID_` varchar(64) COLLATE utf8_bin DEFAULT NULL,
  `CALL_PROC_INST_ID_` varchar(64) COLLATE utf8_bin DEFAULT NULL,
  `ACT_NAME_` varchar(255) COLLATE utf8_bin DEFAULT NULL,
  `ACT_TYPE_` varchar(255) COLLATE utf8_bin NOT NULL,
  `ASSIGNEE_` varchar(255) COLLATE utf8_bin DEFAULT NULL,
  `START_TIME_` datetime(3) NOT NULL,
  `END_TIME_` datetime(3) DEFAULT NULL,
  `DURATION_` bigint(20) DEFAULT NULL,
  `TENANT_ID_` varchar(255) COLLATE utf8_bin DEFAULT '',
  PRIMARY KEY (`ID_`),
  KEY `ACT_IDX_HI_ACT_INST_START` (`START_TIME_`),
  KEY `ACT_IDX_HI_ACT_INST_END` (`END_TIME_`),
  KEY `ACT_IDX_HI_ACT_INST_PROCINST` (`PROC_INST_ID_`,`ACT_ID_`),
  KEY `ACT_IDX_HI_ACT_INST_EXEC` (`EXECUTION_ID_`,`ACT_ID_`)
) ENGINE=InnoDB DEFAULT CHARSET=utf8 COLLATE=utf8_bin;

-- ----------------------------
-- Records of act_hi_actinst
-- ----------------------------
INSERT INTO `act_hi_actinst` VALUES ('15006', 'LeaveBill:1:15004', '15005', '15005', 'startevent1', null, null, 'Start', 'startEvent', null, '2017-05-23 09:44:05.059', '2017-05-23 09:44:05.071', '12', '');
INSERT INTO `act_hi_actinst` VALUES ('15009', 'LeaveBill:1:15004', '15005', '15005', 'usertask1', '15010', null, '提交申请', 'userTask', 'handx', '2017-05-23 09:44:05.071', null, null, '');
INSERT INTO `act_hi_actinst` VALUES ('17502', 'LeaveBill:1:15004', '17501', '17501', 'startevent1', null, null, 'Start', 'startEvent', null, '2017-05-23 09:47:36.065', '2017-05-23 09:47:36.086', '21', '');
INSERT INTO `act_hi_actinst` VALUES ('17505', 'LeaveBill:1:15004', '17501', '17501', 'usertask1', '17506', null, '提交申请', 'userTask', '超级超级小管理', '2017-05-23 09:47:36.086', '2017-05-23 13:57:10.867', '14974781', '');
INSERT INTO `act_hi_actinst` VALUES ('22502', 'LeaveBill:1:15004', '17501', '17501', 'usertask2', '22503', null, 'boss审批', 'userTask', '超级超级小管理', '2017-05-23 13:57:10.868', '2017-05-23 14:00:57.940', '227072', '');
INSERT INTO `act_hi_actinst` VALUES ('22506', 'LeaveBill:1:15004', '17501', '17501', 'usertask1', '22507', null, '提交申请', 'userTask', '超级超级小管理', '2017-05-23 14:00:57.934', '2017-05-23 14:01:10.599', '12665', '');
INSERT INTO `act_hi_actinst` VALUES ('22508', 'LeaveBill:1:15004', '17501', '22505', 'endevent1', null, null, 'End', 'endEvent', null, '2017-05-23 14:00:57.940', '2017-05-23 14:00:57.940', '0', '');
INSERT INTO `act_hi_actinst` VALUES ('22509', 'LeaveBill:1:15004', '17501', '17501', 'usertask2', '22510', null, 'boss审批', 'userTask', '超级超级小管理', '2017-05-23 14:01:10.599', '2017-05-23 14:01:38.701', '28102', '');
INSERT INTO `act_hi_actinst` VALUES ('22513', 'LeaveBill:1:15004', '17501', '17501', 'usertask1', '22514', null, '提交申请', 'userTask', '超级超级小管理', '2017-05-23 14:01:38.696', '2017-05-23 14:03:22.731', '104035', '');
INSERT INTO `act_hi_actinst` VALUES ('22515', 'LeaveBill:1:15004', '17501', '22512', 'endevent1', null, null, 'End', 'endEvent', null, '2017-05-23 14:01:38.701', '2017-05-23 14:01:38.701', '0', '');
INSERT INTO `act_hi_actinst` VALUES ('22516', 'LeaveBill:1:15004', '17501', '17501', 'usertask2', '22517', null, 'boss审批', 'userTask', '超级超级小管理', '2017-05-23 14:03:22.732', '2017-05-23 14:03:37.351', '14619', '');
INSERT INTO `act_hi_actinst` VALUES ('22520', 'LeaveBill:1:15004', '17501', '17501', 'usertask1', '22521', null, '提交申请', 'userTask', '超级超级小管理', '2017-05-23 14:03:37.346', '2017-05-23 14:05:47.492', '130146', '');
INSERT INTO `act_hi_actinst` VALUES ('22522', 'LeaveBill:1:15004', '17501', '22519', 'endevent1', null, null, 'End', 'endEvent', null, '2017-05-23 14:03:37.352', '2017-05-23 14:03:37.352', '0', '');
INSERT INTO `act_hi_actinst` VALUES ('25001', 'LeaveBill:1:15004', '17501', '17501', 'usertask2', '25002', null, 'boss审批', 'userTask', '超级超级小管理', '2017-05-23 14:05:47.508', '2017-05-23 14:05:53.695', '6187', '');
INSERT INTO `act_hi_actinst` VALUES ('25005', 'LeaveBill:1:15004', '17501', '17501', 'usertask1', '25006', null, '提交申请', 'userTask', '超级超级小管理', '2017-05-23 14:05:53.690', '2017-05-23 14:06:02.934', '9244', '');
INSERT INTO `act_hi_actinst` VALUES ('25007', 'LeaveBill:1:15004', '17501', '25004', 'endevent1', null, null, 'End', 'endEvent', null, '2017-05-23 14:05:53.695', '2017-05-23 14:05:53.695', '0', '');
INSERT INTO `act_hi_actinst` VALUES ('25008', 'LeaveBill:1:15004', '17501', '17501', 'usertask2', '25009', null, 'boss审批', 'userTask', '超级超级小管理', '2017-05-23 14:06:02.934', null, null, '');

-- ----------------------------
-- Table structure for act_hi_attachment
-- ----------------------------
DROP TABLE IF EXISTS `act_hi_attachment`;
CREATE TABLE `act_hi_attachment` (
  `ID_` varchar(64) COLLATE utf8_bin NOT NULL,
  `REV_` int(11) DEFAULT NULL,
  `USER_ID_` varchar(255) COLLATE utf8_bin DEFAULT NULL,
  `NAME_` varchar(255) COLLATE utf8_bin DEFAULT NULL,
  `DESCRIPTION_` varchar(4000) COLLATE utf8_bin DEFAULT NULL,
  `TYPE_` varchar(255) COLLATE utf8_bin DEFAULT NULL,
  `TASK_ID_` varchar(64) COLLATE utf8_bin DEFAULT NULL,
  `PROC_INST_ID_` varchar(64) COLLATE utf8_bin DEFAULT NULL,
  `URL_` varchar(4000) COLLATE utf8_bin DEFAULT NULL,
  `CONTENT_ID_` varchar(64) COLLATE utf8_bin DEFAULT NULL,
  `TIME_` datetime(3) DEFAULT NULL,
  PRIMARY KEY (`ID_`)
) ENGINE=InnoDB DEFAULT CHARSET=utf8 COLLATE=utf8_bin;

-- ----------------------------
-- Records of act_hi_attachment
-- ----------------------------

-- ----------------------------
-- Table structure for act_hi_comment
-- ----------------------------
DROP TABLE IF EXISTS `act_hi_comment`;
CREATE TABLE `act_hi_comment` (
  `ID_` varchar(64) COLLATE utf8_bin NOT NULL,
  `TYPE_` varchar(255) COLLATE utf8_bin DEFAULT NULL,
  `TIME_` datetime(3) NOT NULL,
  `USER_ID_` varchar(255) COLLATE utf8_bin DEFAULT NULL,
  `TASK_ID_` varchar(64) COLLATE utf8_bin DEFAULT NULL,
  `PROC_INST_ID_` varchar(64) COLLATE utf8_bin DEFAULT NULL,
  `ACTION_` varchar(255) COLLATE utf8_bin DEFAULT NULL,
  `MESSAGE_` varchar(4000) COLLATE utf8_bin DEFAULT NULL,
  `FULL_MSG_` longblob,
  PRIMARY KEY (`ID_`)
) ENGINE=InnoDB DEFAULT CHARSET=utf8 COLLATE=utf8_bin;

-- ----------------------------
-- Records of act_hi_comment
-- ----------------------------

-- ----------------------------
-- Table structure for act_hi_detail
-- ----------------------------
DROP TABLE IF EXISTS `act_hi_detail`;
CREATE TABLE `act_hi_detail` (
  `ID_` varchar(64) COLLATE utf8_bin NOT NULL,
  `TYPE_` varchar(255) COLLATE utf8_bin NOT NULL,
  `PROC_INST_ID_` varchar(64) COLLATE utf8_bin DEFAULT NULL,
  `EXECUTION_ID_` varchar(64) COLLATE utf8_bin DEFAULT NULL,
  `TASK_ID_` varchar(64) COLLATE utf8_bin DEFAULT NULL,
  `ACT_INST_ID_` varchar(64) COLLATE utf8_bin DEFAULT NULL,
  `NAME_` varchar(255) COLLATE utf8_bin NOT NULL,
  `VAR_TYPE_` varchar(255) COLLATE utf8_bin DEFAULT NULL,
  `REV_` int(11) DEFAULT NULL,
  `TIME_` datetime(3) NOT NULL,
  `BYTEARRAY_ID_` varchar(64) COLLATE utf8_bin DEFAULT NULL,
  `DOUBLE_` double DEFAULT NULL,
  `LONG_` bigint(20) DEFAULT NULL,
  `TEXT_` varchar(4000) COLLATE utf8_bin DEFAULT NULL,
  `TEXT2_` varchar(4000) COLLATE utf8_bin DEFAULT NULL,
  PRIMARY KEY (`ID_`),
  KEY `ACT_IDX_HI_DETAIL_PROC_INST` (`PROC_INST_ID_`),
  KEY `ACT_IDX_HI_DETAIL_ACT_INST` (`ACT_INST_ID_`),
  KEY `ACT_IDX_HI_DETAIL_TIME` (`TIME_`),
  KEY `ACT_IDX_HI_DETAIL_NAME` (`NAME_`),
  KEY `ACT_IDX_HI_DETAIL_TASK_ID` (`TASK_ID_`)
) ENGINE=InnoDB DEFAULT CHARSET=utf8 COLLATE=utf8_bin;

-- ----------------------------
-- Records of act_hi_detail
-- ----------------------------

-- ----------------------------
-- Table structure for act_hi_identitylink
-- ----------------------------
DROP TABLE IF EXISTS `act_hi_identitylink`;
CREATE TABLE `act_hi_identitylink` (
  `ID_` varchar(64) COLLATE utf8_bin NOT NULL,
  `GROUP_ID_` varchar(255) COLLATE utf8_bin DEFAULT NULL,
  `TYPE_` varchar(255) COLLATE utf8_bin DEFAULT NULL,
  `USER_ID_` varchar(255) COLLATE utf8_bin DEFAULT NULL,
  `TASK_ID_` varchar(64) COLLATE utf8_bin DEFAULT NULL,
  `PROC_INST_ID_` varchar(64) COLLATE utf8_bin DEFAULT NULL,
  PRIMARY KEY (`ID_`),
  KEY `ACT_IDX_HI_IDENT_LNK_USER` (`USER_ID_`),
  KEY `ACT_IDX_HI_IDENT_LNK_TASK` (`TASK_ID_`),
  KEY `ACT_IDX_HI_IDENT_LNK_PROCINST` (`PROC_INST_ID_`)
) ENGINE=InnoDB DEFAULT CHARSET=utf8 COLLATE=utf8_bin;

-- ----------------------------
-- Records of act_hi_identitylink
-- ----------------------------
INSERT INTO `act_hi_identitylink` VALUES ('15011', null, 'participant', 'handx', null, '15005');
INSERT INTO `act_hi_identitylink` VALUES ('17507', null, 'participant', '超级超级小管理', null, '17501');

-- ----------------------------
-- Table structure for act_hi_procinst
-- ----------------------------
DROP TABLE IF EXISTS `act_hi_procinst`;
CREATE TABLE `act_hi_procinst` (
  `ID_` varchar(64) COLLATE utf8_bin NOT NULL,
  `PROC_INST_ID_` varchar(64) COLLATE utf8_bin NOT NULL,
  `BUSINESS_KEY_` varchar(255) COLLATE utf8_bin DEFAULT NULL,
  `PROC_DEF_ID_` varchar(64) COLLATE utf8_bin NOT NULL,
  `START_TIME_` datetime(3) NOT NULL,
  `END_TIME_` datetime(3) DEFAULT NULL,
  `DURATION_` bigint(20) DEFAULT NULL,
  `START_USER_ID_` varchar(255) COLLATE utf8_bin DEFAULT NULL,
  `START_ACT_ID_` varchar(255) COLLATE utf8_bin DEFAULT NULL,
  `END_ACT_ID_` varchar(255) COLLATE utf8_bin DEFAULT NULL,
  `SUPER_PROCESS_INSTANCE_ID_` varchar(64) COLLATE utf8_bin DEFAULT NULL,
  `DELETE_REASON_` varchar(4000) COLLATE utf8_bin DEFAULT NULL,
  `TENANT_ID_` varchar(255) COLLATE utf8_bin DEFAULT '',
  `NAME_` varchar(255) COLLATE utf8_bin DEFAULT NULL,
  PRIMARY KEY (`ID_`),
  UNIQUE KEY `PROC_INST_ID_` (`PROC_INST_ID_`),
  KEY `ACT_IDX_HI_PRO_INST_END` (`END_TIME_`),
  KEY `ACT_IDX_HI_PRO_I_BUSKEY` (`BUSINESS_KEY_`)
) ENGINE=InnoDB DEFAULT CHARSET=utf8 COLLATE=utf8_bin;

-- ----------------------------
-- Records of act_hi_procinst
-- ----------------------------
INSERT INTO `act_hi_procinst` VALUES ('15005', '15005', 'LeaveBill.1', 'LeaveBill:1:15004', '2017-05-23 09:44:05.059', null, null, null, 'startevent1', null, null, null, '', null);
INSERT INTO `act_hi_procinst` VALUES ('17501', '17501', 'LeaveBill.2', 'LeaveBill:1:15004', '2017-05-23 09:47:36.065', null, null, null, 'startevent1', null, null, null, '', null);

-- ----------------------------
-- Table structure for act_hi_taskinst
-- ----------------------------
DROP TABLE IF EXISTS `act_hi_taskinst`;
CREATE TABLE `act_hi_taskinst` (
  `ID_` varchar(64) COLLATE utf8_bin NOT NULL,
  `PROC_DEF_ID_` varchar(64) COLLATE utf8_bin DEFAULT NULL,
  `TASK_DEF_KEY_` varchar(255) COLLATE utf8_bin DEFAULT NULL,
  `PROC_INST_ID_` varchar(64) COLLATE utf8_bin DEFAULT NULL,
  `EXECUTION_ID_` varchar(64) COLLATE utf8_bin DEFAULT NULL,
  `NAME_` varchar(255) COLLATE utf8_bin DEFAULT NULL,
  `PARENT_TASK_ID_` varchar(64) COLLATE utf8_bin DEFAULT NULL,
  `DESCRIPTION_` varchar(4000) COLLATE utf8_bin DEFAULT NULL,
  `OWNER_` varchar(255) COLLATE utf8_bin DEFAULT NULL,
  `ASSIGNEE_` varchar(255) COLLATE utf8_bin DEFAULT NULL,
  `START_TIME_` datetime(3) NOT NULL,
  `CLAIM_TIME_` datetime(3) DEFAULT NULL,
  `END_TIME_` datetime(3) DEFAULT NULL,
  `DURATION_` bigint(20) DEFAULT NULL,
  `DELETE_REASON_` varchar(4000) COLLATE utf8_bin DEFAULT NULL,
  `PRIORITY_` int(11) DEFAULT NULL,
  `DUE_DATE_` datetime(3) DEFAULT NULL,
  `FORM_KEY_` varchar(255) COLLATE utf8_bin DEFAULT NULL,
  `CATEGORY_` varchar(255) COLLATE utf8_bin DEFAULT NULL,
  `TENANT_ID_` varchar(255) COLLATE utf8_bin DEFAULT '',
  PRIMARY KEY (`ID_`),
  KEY `ACT_IDX_HI_TASK_INST_PROCINST` (`PROC_INST_ID_`)
) ENGINE=InnoDB DEFAULT CHARSET=utf8 COLLATE=utf8_bin;

-- ----------------------------
-- Records of act_hi_taskinst
-- ----------------------------
INSERT INTO `act_hi_taskinst` VALUES ('15010', 'LeaveBill:1:15004', 'usertask1', '15005', '15005', '提交申请', null, null, null, 'handx', '2017-05-23 09:44:05.073', null, null, null, null, '50', null, 'audit', null, '');
INSERT INTO `act_hi_taskinst` VALUES ('17506', 'LeaveBill:1:15004', 'usertask1', '17501', '17501', '提交申请', null, null, null, '超级超级小管理', '2017-05-23 09:47:36.093', null, '2017-05-23 13:57:10.847', '14974754', 'completed', '50', null, 'audit', null, '');
INSERT INTO `act_hi_taskinst` VALUES ('22503', 'LeaveBill:1:15004', 'usertask2', '17501', '17501', 'boss审批', null, null, null, '超级超级小管理', '2017-05-23 13:57:10.868', null, '2017-05-23 14:00:57.925', '227057', 'completed', '50', null, 'audit', null, '');
INSERT INTO `act_hi_taskinst` VALUES ('22507', 'LeaveBill:1:15004', 'usertask1', '17501', '22504', '提交申请', null, null, null, '超级超级小管理', '2017-05-23 14:00:57.936', null, '2017-05-23 14:01:10.587', '12651', 'completed', '50', null, 'audit', null, '');
INSERT INTO `act_hi_taskinst` VALUES ('22510', 'LeaveBill:1:15004', 'usertask2', '17501', '17501', 'boss审批', null, null, null, '超级超级小管理', '2017-05-23 14:01:10.599', null, '2017-05-23 14:01:38.690', '28091', 'completed', '50', null, 'audit', null, '');
INSERT INTO `act_hi_taskinst` VALUES ('22514', 'LeaveBill:1:15004', 'usertask1', '17501', '22511', '提交申请', null, null, null, '超级超级小管理', '2017-05-23 14:01:38.697', null, '2017-05-23 14:03:22.729', '104032', 'completed', '50', null, 'audit', null, '');
INSERT INTO `act_hi_taskinst` VALUES ('22517', 'LeaveBill:1:15004', 'usertask2', '17501', '17501', 'boss审批', null, null, null, '超级超级小管理', '2017-05-23 14:03:22.732', null, '2017-05-23 14:03:37.341', '14609', 'completed', '50', null, 'audit', null, '');
INSERT INTO `act_hi_taskinst` VALUES ('22521', 'LeaveBill:1:15004', 'usertask1', '17501', '22518', '提交申请', null, null, null, '超级超级小管理', '2017-05-23 14:03:37.347', null, '2017-05-23 14:05:47.471', '130124', 'completed', '50', null, 'audit', null, '');
INSERT INTO `act_hi_taskinst` VALUES ('25002', 'LeaveBill:1:15004', 'usertask2', '17501', '17501', 'boss审批', null, null, null, '超级超级小管理', '2017-05-23 14:05:47.509', null, '2017-05-23 14:05:53.684', '6175', 'completed', '50', null, 'audit', null, '');
INSERT INTO `act_hi_taskinst` VALUES ('25006', 'LeaveBill:1:15004', 'usertask1', '17501', '25003', '提交申请', null, null, null, '超级超级小管理', '2017-05-23 14:05:53.691', null, '2017-05-23 14:06:02.931', '9240', 'completed', '50', null, 'audit', null, '');
INSERT INTO `act_hi_taskinst` VALUES ('25009', 'LeaveBill:1:15004', 'usertask2', '17501', '17501', 'boss审批', null, null, null, '超级超级小管理', '2017-05-23 14:06:02.934', null, null, null, null, '50', null, 'audit', null, '');

-- ----------------------------
-- Table structure for act_hi_varinst
-- ----------------------------
DROP TABLE IF EXISTS `act_hi_varinst`;
CREATE TABLE `act_hi_varinst` (
  `ID_` varchar(64) COLLATE utf8_bin NOT NULL,
  `PROC_INST_ID_` varchar(64) COLLATE utf8_bin DEFAULT NULL,
  `EXECUTION_ID_` varchar(64) COLLATE utf8_bin DEFAULT NULL,
  `TASK_ID_` varchar(64) COLLATE utf8_bin DEFAULT NULL,
  `NAME_` varchar(255) COLLATE utf8_bin NOT NULL,
  `VAR_TYPE_` varchar(100) COLLATE utf8_bin DEFAULT NULL,
  `REV_` int(11) DEFAULT NULL,
  `BYTEARRAY_ID_` varchar(64) COLLATE utf8_bin DEFAULT NULL,
  `DOUBLE_` double DEFAULT NULL,
  `LONG_` bigint(20) DEFAULT NULL,
  `TEXT_` varchar(4000) COLLATE utf8_bin DEFAULT NULL,
  `TEXT2_` varchar(4000) COLLATE utf8_bin DEFAULT NULL,
  `CREATE_TIME_` datetime(3) DEFAULT NULL,
  `LAST_UPDATED_TIME_` datetime(3) DEFAULT NULL,
  PRIMARY KEY (`ID_`),
  KEY `ACT_IDX_HI_PROCVAR_PROC_INST` (`PROC_INST_ID_`),
  KEY `ACT_IDX_HI_PROCVAR_NAME_TYPE` (`NAME_`,`VAR_TYPE_`),
  KEY `ACT_IDX_HI_PROCVAR_TASK_ID` (`TASK_ID_`)
) ENGINE=InnoDB DEFAULT CHARSET=utf8 COLLATE=utf8_bin;

-- ----------------------------
-- Records of act_hi_varinst
-- ----------------------------
INSERT INTO `act_hi_varinst` VALUES ('15007', '15005', '15005', null, 'objId', 'string', '0', null, null, null, 'LeaveBill.1', null, '2017-05-23 09:44:05.059', '2017-05-23 09:44:05.059');
INSERT INTO `act_hi_varinst` VALUES ('15008', '15005', '15005', null, 'inputUser', 'string', '0', null, null, null, 'handx', null, '2017-05-23 09:44:05.060', '2017-05-23 09:44:05.060');
INSERT INTO `act_hi_varinst` VALUES ('17503', '17501', '17501', null, 'objId', 'string', '0', null, null, null, 'LeaveBill.2', null, '2017-05-23 09:47:36.066', '2017-05-23 09:47:36.066');
INSERT INTO `act_hi_varinst` VALUES ('17504', '17501', '17501', null, 'inputUser', 'string', '0', null, null, null, '超级超级小管理', null, '2017-05-23 09:47:36.066', '2017-05-23 09:47:36.066');
INSERT INTO `act_hi_varinst` VALUES ('22501', '17501', '17501', null, 'manageUser', 'string', '8', null, null, null, '超级超级小管理', null, '2017-05-23 13:57:10.729', '2017-05-23 14:06:02.927');

-- ----------------------------
-- Table structure for act_id_group
-- ----------------------------
DROP TABLE IF EXISTS `act_id_group`;
CREATE TABLE `act_id_group` (
  `ID_` varchar(64) COLLATE utf8_bin NOT NULL,
  `REV_` int(11) DEFAULT NULL,
  `NAME_` varchar(255) COLLATE utf8_bin DEFAULT NULL,
  `TYPE_` varchar(255) COLLATE utf8_bin DEFAULT NULL,
  PRIMARY KEY (`ID_`)
) ENGINE=InnoDB DEFAULT CHARSET=utf8 COLLATE=utf8_bin;

-- ----------------------------
-- Records of act_id_group
-- ----------------------------

-- ----------------------------
-- Table structure for act_id_info
-- ----------------------------
DROP TABLE IF EXISTS `act_id_info`;
CREATE TABLE `act_id_info` (
  `ID_` varchar(64) COLLATE utf8_bin NOT NULL,
  `REV_` int(11) DEFAULT NULL,
  `USER_ID_` varchar(64) COLLATE utf8_bin DEFAULT NULL,
  `TYPE_` varchar(64) COLLATE utf8_bin DEFAULT NULL,
  `KEY_` varchar(255) COLLATE utf8_bin DEFAULT NULL,
  `VALUE_` varchar(255) COLLATE utf8_bin DEFAULT NULL,
  `PASSWORD_` longblob,
  `PARENT_ID_` varchar(255) COLLATE utf8_bin DEFAULT NULL,
  PRIMARY KEY (`ID_`)
) ENGINE=InnoDB DEFAULT CHARSET=utf8 COLLATE=utf8_bin;

-- ----------------------------
-- Records of act_id_info
-- ----------------------------

-- ----------------------------
-- Table structure for act_id_membership
-- ----------------------------
DROP TABLE IF EXISTS `act_id_membership`;
CREATE TABLE `act_id_membership` (
  `USER_ID_` varchar(64) COLLATE utf8_bin NOT NULL,
  `GROUP_ID_` varchar(64) COLLATE utf8_bin NOT NULL,
  PRIMARY KEY (`USER_ID_`,`GROUP_ID_`),
  KEY `ACT_FK_MEMB_GROUP` (`GROUP_ID_`),
  CONSTRAINT `ACT_FK_MEMB_GROUP` FOREIGN KEY (`GROUP_ID_`) REFERENCES `act_id_group` (`ID_`),
  CONSTRAINT `ACT_FK_MEMB_USER` FOREIGN KEY (`USER_ID_`) REFERENCES `act_id_user` (`ID_`)
) ENGINE=InnoDB DEFAULT CHARSET=utf8 COLLATE=utf8_bin;

-- ----------------------------
-- Records of act_id_membership
-- ----------------------------

-- ----------------------------
-- Table structure for act_id_user
-- ----------------------------
DROP TABLE IF EXISTS `act_id_user`;
CREATE TABLE `act_id_user` (
  `ID_` varchar(64) COLLATE utf8_bin NOT NULL,
  `REV_` int(11) DEFAULT NULL,
  `FIRST_` varchar(255) COLLATE utf8_bin DEFAULT NULL,
  `LAST_` varchar(255) COLLATE utf8_bin DEFAULT NULL,
  `EMAIL_` varchar(255) COLLATE utf8_bin DEFAULT NULL,
  `PWD_` varchar(255) COLLATE utf8_bin DEFAULT NULL,
  `PICTURE_ID_` varchar(64) COLLATE utf8_bin DEFAULT NULL,
  PRIMARY KEY (`ID_`)
) ENGINE=InnoDB DEFAULT CHARSET=utf8 COLLATE=utf8_bin;

-- ----------------------------
-- Records of act_id_user
-- ----------------------------

-- ----------------------------
-- Table structure for act_procdef_info
-- ----------------------------
DROP TABLE IF EXISTS `act_procdef_info`;
CREATE TABLE `act_procdef_info` (
  `ID_` varchar(64) COLLATE utf8_bin NOT NULL,
  `PROC_DEF_ID_` varchar(64) COLLATE utf8_bin NOT NULL,
  `REV_` int(11) DEFAULT NULL,
  `INFO_JSON_ID_` varchar(64) COLLATE utf8_bin DEFAULT NULL,
  PRIMARY KEY (`ID_`),
  UNIQUE KEY `ACT_UNIQ_INFO_PROCDEF` (`PROC_DEF_ID_`),
  KEY `ACT_IDX_INFO_PROCDEF` (`PROC_DEF_ID_`),
  KEY `ACT_FK_INFO_JSON_BA` (`INFO_JSON_ID_`),
  CONSTRAINT `ACT_FK_INFO_JSON_BA` FOREIGN KEY (`INFO_JSON_ID_`) REFERENCES `act_ge_bytearray` (`ID_`),
  CONSTRAINT `ACT_FK_INFO_PROCDEF` FOREIGN KEY (`PROC_DEF_ID_`) REFERENCES `act_re_procdef` (`ID_`)
) ENGINE=InnoDB DEFAULT CHARSET=utf8 COLLATE=utf8_bin;

-- ----------------------------
-- Records of act_procdef_info
-- ----------------------------

-- ----------------------------
-- Table structure for act_re_deployment
-- ----------------------------
DROP TABLE IF EXISTS `act_re_deployment`;
CREATE TABLE `act_re_deployment` (
  `ID_` varchar(64) COLLATE utf8_bin NOT NULL,
  `NAME_` varchar(255) COLLATE utf8_bin DEFAULT NULL,
  `CATEGORY_` varchar(255) COLLATE utf8_bin DEFAULT NULL,
  `TENANT_ID_` varchar(255) COLLATE utf8_bin DEFAULT '',
  `DEPLOY_TIME_` timestamp(3) NULL DEFAULT NULL,
  PRIMARY KEY (`ID_`)
) ENGINE=InnoDB DEFAULT CHARSET=utf8 COLLATE=utf8_bin;

-- ----------------------------
-- Records of act_re_deployment
-- ----------------------------
INSERT INTO `act_re_deployment` VALUES ('15001', null, null, '', '2017-05-23 09:43:08.647');

-- ----------------------------
-- Table structure for act_re_model
-- ----------------------------
DROP TABLE IF EXISTS `act_re_model`;
CREATE TABLE `act_re_model` (
  `ID_` varchar(64) COLLATE utf8_bin NOT NULL,
  `REV_` int(11) DEFAULT NULL,
  `NAME_` varchar(255) COLLATE utf8_bin DEFAULT NULL,
  `KEY_` varchar(255) COLLATE utf8_bin DEFAULT NULL,
  `CATEGORY_` varchar(255) COLLATE utf8_bin DEFAULT NULL,
  `CREATE_TIME_` timestamp(3) NULL DEFAULT NULL,
  `LAST_UPDATE_TIME_` timestamp(3) NULL DEFAULT NULL,
  `VERSION_` int(11) DEFAULT NULL,
  `META_INFO_` varchar(4000) COLLATE utf8_bin DEFAULT NULL,
  `DEPLOYMENT_ID_` varchar(64) COLLATE utf8_bin DEFAULT NULL,
  `EDITOR_SOURCE_VALUE_ID_` varchar(64) COLLATE utf8_bin DEFAULT NULL,
  `EDITOR_SOURCE_EXTRA_VALUE_ID_` varchar(64) COLLATE utf8_bin DEFAULT NULL,
  `TENANT_ID_` varchar(255) COLLATE utf8_bin DEFAULT '',
  PRIMARY KEY (`ID_`),
  KEY `ACT_FK_MODEL_SOURCE` (`EDITOR_SOURCE_VALUE_ID_`),
  KEY `ACT_FK_MODEL_SOURCE_EXTRA` (`EDITOR_SOURCE_EXTRA_VALUE_ID_`),
  KEY `ACT_FK_MODEL_DEPLOYMENT` (`DEPLOYMENT_ID_`),
  CONSTRAINT `ACT_FK_MODEL_DEPLOYMENT` FOREIGN KEY (`DEPLOYMENT_ID_`) REFERENCES `act_re_deployment` (`ID_`),
  CONSTRAINT `ACT_FK_MODEL_SOURCE` FOREIGN KEY (`EDITOR_SOURCE_VALUE_ID_`) REFERENCES `act_ge_bytearray` (`ID_`),
  CONSTRAINT `ACT_FK_MODEL_SOURCE_EXTRA` FOREIGN KEY (`EDITOR_SOURCE_EXTRA_VALUE_ID_`) REFERENCES `act_ge_bytearray` (`ID_`)
) ENGINE=InnoDB DEFAULT CHARSET=utf8 COLLATE=utf8_bin;

-- ----------------------------
-- Records of act_re_model
-- ----------------------------

-- ----------------------------
-- Table structure for act_re_procdef
-- ----------------------------
DROP TABLE IF EXISTS `act_re_procdef`;
CREATE TABLE `act_re_procdef` (
  `ID_` varchar(64) COLLATE utf8_bin NOT NULL,
  `REV_` int(11) DEFAULT NULL,
  `CATEGORY_` varchar(255) COLLATE utf8_bin DEFAULT NULL,
  `NAME_` varchar(255) COLLATE utf8_bin DEFAULT NULL,
  `KEY_` varchar(255) COLLATE utf8_bin NOT NULL,
  `VERSION_` int(11) NOT NULL,
  `DEPLOYMENT_ID_` varchar(64) COLLATE utf8_bin DEFAULT NULL,
  `RESOURCE_NAME_` varchar(4000) COLLATE utf8_bin DEFAULT NULL,
  `DGRM_RESOURCE_NAME_` varchar(4000) COLLATE utf8_bin DEFAULT NULL,
  `DESCRIPTION_` varchar(4000) COLLATE utf8_bin DEFAULT NULL,
  `HAS_START_FORM_KEY_` tinyint(4) DEFAULT NULL,
  `HAS_GRAPHICAL_NOTATION_` tinyint(4) DEFAULT NULL,
  `SUSPENSION_STATE_` int(11) DEFAULT NULL,
  `TENANT_ID_` varchar(255) COLLATE utf8_bin DEFAULT '',
  PRIMARY KEY (`ID_`),
  UNIQUE KEY `ACT_UNIQ_PROCDEF` (`KEY_`,`VERSION_`,`TENANT_ID_`)
) ENGINE=InnoDB DEFAULT CHARSET=utf8 COLLATE=utf8_bin;

-- ----------------------------
-- Records of act_re_procdef
-- ----------------------------
INSERT INTO `act_re_procdef` VALUES ('LeaveBill:1:15004', '1', 'http://www.activiti.org/test', '请假条', 'LeaveBill', '1', '15001', 'LeaveBill.bpmn', 'LeaveBill.LeaveBill.png', null, '0', '1', '1', '');

-- ----------------------------
-- Table structure for act_ru_event_subscr
-- ----------------------------
DROP TABLE IF EXISTS `act_ru_event_subscr`;
CREATE TABLE `act_ru_event_subscr` (
  `ID_` varchar(64) COLLATE utf8_bin NOT NULL,
  `REV_` int(11) DEFAULT NULL,
  `EVENT_TYPE_` varchar(255) COLLATE utf8_bin NOT NULL,
  `EVENT_NAME_` varchar(255) COLLATE utf8_bin DEFAULT NULL,
  `EXECUTION_ID_` varchar(64) COLLATE utf8_bin DEFAULT NULL,
  `PROC_INST_ID_` varchar(64) COLLATE utf8_bin DEFAULT NULL,
  `ACTIVITY_ID_` varchar(64) COLLATE utf8_bin DEFAULT NULL,
  `CONFIGURATION_` varchar(255) COLLATE utf8_bin DEFAULT NULL,
  `CREATED_` timestamp(3) NOT NULL DEFAULT CURRENT_TIMESTAMP(3),
  `PROC_DEF_ID_` varchar(64) COLLATE utf8_bin DEFAULT NULL,
  `TENANT_ID_` varchar(255) COLLATE utf8_bin DEFAULT '',
  PRIMARY KEY (`ID_`),
  KEY `ACT_IDX_EVENT_SUBSCR_CONFIG_` (`CONFIGURATION_`),
  KEY `ACT_FK_EVENT_EXEC` (`EXECUTION_ID_`),
  CONSTRAINT `ACT_FK_EVENT_EXEC` FOREIGN KEY (`EXECUTION_ID_`) REFERENCES `act_ru_execution` (`ID_`)
) ENGINE=InnoDB DEFAULT CHARSET=utf8 COLLATE=utf8_bin;

-- ----------------------------
-- Records of act_ru_event_subscr
-- ----------------------------

-- ----------------------------
-- Table structure for act_ru_execution
-- ----------------------------
DROP TABLE IF EXISTS `act_ru_execution`;
CREATE TABLE `act_ru_execution` (
  `ID_` varchar(64) COLLATE utf8_bin NOT NULL,
  `REV_` int(11) DEFAULT NULL,
  `PROC_INST_ID_` varchar(64) COLLATE utf8_bin DEFAULT NULL,
  `BUSINESS_KEY_` varchar(255) COLLATE utf8_bin DEFAULT NULL,
  `PARENT_ID_` varchar(64) COLLATE utf8_bin DEFAULT NULL,
  `PROC_DEF_ID_` varchar(64) COLLATE utf8_bin DEFAULT NULL,
  `SUPER_EXEC_` varchar(64) COLLATE utf8_bin DEFAULT NULL,
  `ACT_ID_` varchar(255) COLLATE utf8_bin DEFAULT NULL,
  `IS_ACTIVE_` tinyint(4) DEFAULT NULL,
  `IS_CONCURRENT_` tinyint(4) DEFAULT NULL,
  `IS_SCOPE_` tinyint(4) DEFAULT NULL,
  `IS_EVENT_SCOPE_` tinyint(4) DEFAULT NULL,
  `SUSPENSION_STATE_` int(11) DEFAULT NULL,
  `CACHED_ENT_STATE_` int(11) DEFAULT NULL,
  `TENANT_ID_` varchar(255) COLLATE utf8_bin DEFAULT '',
  `NAME_` varchar(255) COLLATE utf8_bin DEFAULT NULL,
  `LOCK_TIME_` timestamp(3) NULL DEFAULT NULL,
  PRIMARY KEY (`ID_`),
  KEY `ACT_IDX_EXEC_BUSKEY` (`BUSINESS_KEY_`),
  KEY `ACT_FK_EXE_PROCINST` (`PROC_INST_ID_`),
  KEY `ACT_FK_EXE_PARENT` (`PARENT_ID_`),
  KEY `ACT_FK_EXE_SUPER` (`SUPER_EXEC_`),
  KEY `ACT_FK_EXE_PROCDEF` (`PROC_DEF_ID_`),
  CONSTRAINT `ACT_FK_EXE_PARENT` FOREIGN KEY (`PARENT_ID_`) REFERENCES `act_ru_execution` (`ID_`),
  CONSTRAINT `ACT_FK_EXE_PROCDEF` FOREIGN KEY (`PROC_DEF_ID_`) REFERENCES `act_re_procdef` (`ID_`),
  CONSTRAINT `ACT_FK_EXE_PROCINST` FOREIGN KEY (`PROC_INST_ID_`) REFERENCES `act_ru_execution` (`ID_`) ON DELETE CASCADE ON UPDATE CASCADE,
  CONSTRAINT `ACT_FK_EXE_SUPER` FOREIGN KEY (`SUPER_EXEC_`) REFERENCES `act_ru_execution` (`ID_`)
) ENGINE=InnoDB DEFAULT CHARSET=utf8 COLLATE=utf8_bin;

-- ----------------------------
-- Records of act_ru_execution
-- ----------------------------
INSERT INTO `act_ru_execution` VALUES ('15005', '1', '15005', 'LeaveBill.1', null, 'LeaveBill:1:15004', null, 'usertask1', '1', '0', '1', '0', '1', '2', '', null, null);
INSERT INTO `act_ru_execution` VALUES ('17501', '10', '17501', 'LeaveBill.2', null, 'LeaveBill:1:15004', null, 'usertask2', '1', '0', '1', '0', '1', '2', '', null, null);

-- ----------------------------
-- Table structure for act_ru_identitylink
-- ----------------------------
DROP TABLE IF EXISTS `act_ru_identitylink`;
CREATE TABLE `act_ru_identitylink` (
  `ID_` varchar(64) COLLATE utf8_bin NOT NULL,
  `REV_` int(11) DEFAULT NULL,
  `GROUP_ID_` varchar(255) COLLATE utf8_bin DEFAULT NULL,
  `TYPE_` varchar(255) COLLATE utf8_bin DEFAULT NULL,
  `USER_ID_` varchar(255) COLLATE utf8_bin DEFAULT NULL,
  `TASK_ID_` varchar(64) COLLATE utf8_bin DEFAULT NULL,
  `PROC_INST_ID_` varchar(64) COLLATE utf8_bin DEFAULT NULL,
  `PROC_DEF_ID_` varchar(64) COLLATE utf8_bin DEFAULT NULL,
  PRIMARY KEY (`ID_`),
  KEY `ACT_IDX_IDENT_LNK_USER` (`USER_ID_`),
  KEY `ACT_IDX_IDENT_LNK_GROUP` (`GROUP_ID_`),
  KEY `ACT_IDX_ATHRZ_PROCEDEF` (`PROC_DEF_ID_`),
  KEY `ACT_FK_TSKASS_TASK` (`TASK_ID_`),
  KEY `ACT_FK_IDL_PROCINST` (`PROC_INST_ID_`),
  CONSTRAINT `ACT_FK_ATHRZ_PROCEDEF` FOREIGN KEY (`PROC_DEF_ID_`) REFERENCES `act_re_procdef` (`ID_`),
  CONSTRAINT `ACT_FK_IDL_PROCINST` FOREIGN KEY (`PROC_INST_ID_`) REFERENCES `act_ru_execution` (`ID_`),
  CONSTRAINT `ACT_FK_TSKASS_TASK` FOREIGN KEY (`TASK_ID_`) REFERENCES `act_ru_task` (`ID_`)
) ENGINE=InnoDB DEFAULT CHARSET=utf8 COLLATE=utf8_bin;

-- ----------------------------
-- Records of act_ru_identitylink
-- ----------------------------
INSERT INTO `act_ru_identitylink` VALUES ('15011', '1', null, 'participant', 'handx', null, '15005', null);
INSERT INTO `act_ru_identitylink` VALUES ('17507', '1', null, 'participant', '超级超级小管理', null, '17501', null);

-- ----------------------------
-- Table structure for act_ru_job
-- ----------------------------
DROP TABLE IF EXISTS `act_ru_job`;
CREATE TABLE `act_ru_job` (
  `ID_` varchar(64) COLLATE utf8_bin NOT NULL,
  `REV_` int(11) DEFAULT NULL,
  `TYPE_` varchar(255) COLLATE utf8_bin NOT NULL,
  `LOCK_EXP_TIME_` timestamp(3) NULL DEFAULT NULL,
  `LOCK_OWNER_` varchar(255) COLLATE utf8_bin DEFAULT NULL,
  `EXCLUSIVE_` tinyint(1) DEFAULT NULL,
  `EXECUTION_ID_` varchar(64) COLLATE utf8_bin DEFAULT NULL,
  `PROCESS_INSTANCE_ID_` varchar(64) COLLATE utf8_bin DEFAULT NULL,
  `PROC_DEF_ID_` varchar(64) COLLATE utf8_bin DEFAULT NULL,
  `RETRIES_` int(11) DEFAULT NULL,
  `EXCEPTION_STACK_ID_` varchar(64) COLLATE utf8_bin DEFAULT NULL,
  `EXCEPTION_MSG_` varchar(4000) COLLATE utf8_bin DEFAULT NULL,
  `DUEDATE_` timestamp(3) NULL DEFAULT NULL,
  `REPEAT_` varchar(255) COLLATE utf8_bin DEFAULT NULL,
  `HANDLER_TYPE_` varchar(255) COLLATE utf8_bin DEFAULT NULL,
  `HANDLER_CFG_` varchar(4000) COLLATE utf8_bin DEFAULT NULL,
  `TENANT_ID_` varchar(255) COLLATE utf8_bin DEFAULT '',
  PRIMARY KEY (`ID_`),
  KEY `ACT_FK_JOB_EXCEPTION` (`EXCEPTION_STACK_ID_`),
  CONSTRAINT `ACT_FK_JOB_EXCEPTION` FOREIGN KEY (`EXCEPTION_STACK_ID_`) REFERENCES `act_ge_bytearray` (`ID_`)
) ENGINE=InnoDB DEFAULT CHARSET=utf8 COLLATE=utf8_bin;

-- ----------------------------
-- Records of act_ru_job
-- ----------------------------

-- ----------------------------
-- Table structure for act_ru_task
-- ----------------------------
DROP TABLE IF EXISTS `act_ru_task`;
CREATE TABLE `act_ru_task` (
  `ID_` varchar(64) COLLATE utf8_bin NOT NULL,
  `REV_` int(11) DEFAULT NULL,
  `EXECUTION_ID_` varchar(64) COLLATE utf8_bin DEFAULT NULL,
  `PROC_INST_ID_` varchar(64) COLLATE utf8_bin DEFAULT NULL,
  `PROC_DEF_ID_` varchar(64) COLLATE utf8_bin DEFAULT NULL,
  `NAME_` varchar(255) COLLATE utf8_bin DEFAULT NULL,
  `PARENT_TASK_ID_` varchar(64) COLLATE utf8_bin DEFAULT NULL,
  `DESCRIPTION_` varchar(4000) COLLATE utf8_bin DEFAULT NULL,
  `TASK_DEF_KEY_` varchar(255) COLLATE utf8_bin DEFAULT NULL,
  `OWNER_` varchar(255) COLLATE utf8_bin DEFAULT NULL,
  `ASSIGNEE_` varchar(255) COLLATE utf8_bin DEFAULT NULL,
  `DELEGATION_` varchar(64) COLLATE utf8_bin DEFAULT NULL,
  `PRIORITY_` int(11) DEFAULT NULL,
  `CREATE_TIME_` timestamp(3) NULL DEFAULT NULL,
  `DUE_DATE_` datetime(3) DEFAULT NULL,
  `CATEGORY_` varchar(255) COLLATE utf8_bin DEFAULT NULL,
  `SUSPENSION_STATE_` int(11) DEFAULT NULL,
  `TENANT_ID_` varchar(255) COLLATE utf8_bin DEFAULT '',
  `FORM_KEY_` varchar(255) COLLATE utf8_bin DEFAULT NULL,
  PRIMARY KEY (`ID_`),
  KEY `ACT_IDX_TASK_CREATE` (`CREATE_TIME_`),
  KEY `ACT_FK_TASK_EXE` (`EXECUTION_ID_`),
  KEY `ACT_FK_TASK_PROCINST` (`PROC_INST_ID_`),
  KEY `ACT_FK_TASK_PROCDEF` (`PROC_DEF_ID_`),
  CONSTRAINT `ACT_FK_TASK_EXE` FOREIGN KEY (`EXECUTION_ID_`) REFERENCES `act_ru_execution` (`ID_`),
  CONSTRAINT `ACT_FK_TASK_PROCDEF` FOREIGN KEY (`PROC_DEF_ID_`) REFERENCES `act_re_procdef` (`ID_`),
  CONSTRAINT `ACT_FK_TASK_PROCINST` FOREIGN KEY (`PROC_INST_ID_`) REFERENCES `act_ru_execution` (`ID_`)
) ENGINE=InnoDB DEFAULT CHARSET=utf8 COLLATE=utf8_bin;

-- ----------------------------
-- Records of act_ru_task
-- ----------------------------
INSERT INTO `act_ru_task` VALUES ('15010', '1', '15005', '15005', 'LeaveBill:1:15004', '提交申请', null, null, 'usertask1', null, 'handx', null, '50', '2017-05-23 09:44:05.071', null, null, '1', '', 'audit');
INSERT INTO `act_ru_task` VALUES ('25009', '1', '17501', '17501', 'LeaveBill:1:15004', 'boss审批', null, null, 'usertask2', null, '超级超级小管理', null, '50', '2017-05-23 14:06:02.934', null, null, '1', '', 'audit');

-- ----------------------------
-- Table structure for act_ru_variable
-- ----------------------------
DROP TABLE IF EXISTS `act_ru_variable`;
CREATE TABLE `act_ru_variable` (
  `ID_` varchar(64) COLLATE utf8_bin NOT NULL,
  `REV_` int(11) DEFAULT NULL,
  `TYPE_` varchar(255) COLLATE utf8_bin NOT NULL,
  `NAME_` varchar(255) COLLATE utf8_bin NOT NULL,
  `EXECUTION_ID_` varchar(64) COLLATE utf8_bin DEFAULT NULL,
  `PROC_INST_ID_` varchar(64) COLLATE utf8_bin DEFAULT NULL,
  `TASK_ID_` varchar(64) COLLATE utf8_bin DEFAULT NULL,
  `BYTEARRAY_ID_` varchar(64) COLLATE utf8_bin DEFAULT NULL,
  `DOUBLE_` double DEFAULT NULL,
  `LONG_` bigint(20) DEFAULT NULL,
  `TEXT_` varchar(4000) COLLATE utf8_bin DEFAULT NULL,
  `TEXT2_` varchar(4000) COLLATE utf8_bin DEFAULT NULL,
  PRIMARY KEY (`ID_`),
  KEY `ACT_IDX_VARIABLE_TASK_ID` (`TASK_ID_`),
  KEY `ACT_FK_VAR_EXE` (`EXECUTION_ID_`),
  KEY `ACT_FK_VAR_PROCINST` (`PROC_INST_ID_`),
  KEY `ACT_FK_VAR_BYTEARRAY` (`BYTEARRAY_ID_`),
  CONSTRAINT `ACT_FK_VAR_BYTEARRAY` FOREIGN KEY (`BYTEARRAY_ID_`) REFERENCES `act_ge_bytearray` (`ID_`),
  CONSTRAINT `ACT_FK_VAR_EXE` FOREIGN KEY (`EXECUTION_ID_`) REFERENCES `act_ru_execution` (`ID_`),
  CONSTRAINT `ACT_FK_VAR_PROCINST` FOREIGN KEY (`PROC_INST_ID_`) REFERENCES `act_ru_execution` (`ID_`)
) ENGINE=InnoDB DEFAULT CHARSET=utf8 COLLATE=utf8_bin;

-- ----------------------------
-- Records of act_ru_variable
-- ----------------------------
INSERT INTO `act_ru_variable` VALUES ('15007', '1', 'string', 'objId', '15005', '15005', null, null, null, null, 'LeaveBill.1', null);
INSERT INTO `act_ru_variable` VALUES ('15008', '1', 'string', 'inputUser', '15005', '15005', null, null, null, null, 'handx', null);
INSERT INTO `act_ru_variable` VALUES ('17503', '1', 'string', 'objId', '17501', '17501', null, null, null, null, 'LeaveBill.2', null);
INSERT INTO `act_ru_variable` VALUES ('17504', '1', 'string', 'inputUser', '17501', '17501', null, null, null, null, '超级超级小管理', null);
INSERT INTO `act_ru_variable` VALUES ('22501', '1', 'string', 'manageUser', '17501', '17501', null, null, null, null, '超级超级小管理', null);

-- ----------------------------
-- Table structure for admin
-- ----------------------------
DROP TABLE IF EXISTS `admin`;
CREATE TABLE `admin` (
  `ID` int(11) NOT NULL AUTO_INCREMENT,
  `NAME` varchar(255) DEFAULT NULL,
  `PSW` varchar(255) DEFAULT NULL,
  PRIMARY KEY (`ID`)
) ENGINE=InnoDB AUTO_INCREMENT=3 DEFAULT CHARSET=utf8;

-- ----------------------------
-- Records of admin
-- ----------------------------
INSERT INTO `admin` VALUES ('1', '小强', '123456');
INSERT INTO `admin` VALUES ('2', '小强', '123456');

-- ----------------------------
-- Table structure for article
-- ----------------------------
DROP TABLE IF EXISTS `article`;
CREATE TABLE `article` (
  `ID` bigint(20) NOT NULL AUTO_INCREMENT COMMENT 'id',
  `TITLE` varchar(200) DEFAULT NULL COMMENT '标题',
  `CONTENT` text COMMENT '内容',
  `CREATE_TIME` datetime DEFAULT NULL COMMENT '创建时间',
  `UPDATE_TIME` datetime DEFAULT NULL COMMENT '修改时间',
  `STATUS` int(1) DEFAULT NULL COMMENT '状态',
  PRIMARY KEY (`ID`)
) ENGINE=InnoDB AUTO_INCREMENT=6 DEFAULT CHARSET=utf8 COMMENT='文章表';

-- ----------------------------
-- Records of article
-- ----------------------------
INSERT INTO `article` VALUES ('4', 'hahaha', '# this is title111', '2017-05-02 09:37:29', '2017-05-02 09:38:50', '0');
INSERT INTO `article` VALUES ('5', 'this is test', ':bowtie::smile:\n\n# fsdf\n\n![输入图片说明](http://localhost:8888/wish/upload/image/2017-05-02/cb7bb9a4-6c83-4e6d-b323-5de505d3ebda.jpg \"在这里输入图片标题\")', '2017-05-02 09:42:22', '2017-05-02 10:08:38', '0');

-- ----------------------------
-- Table structure for attachment
-- ----------------------------
DROP TABLE IF EXISTS `attachment`;
CREATE TABLE `attachment` (
  `ID` bigint(20) NOT NULL AUTO_INCREMENT,
  `USER_ID` bigint(20) DEFAULT NULL,
  `NAME` varchar(255) DEFAULT NULL,
  `FILE_TYPE` varchar(255) DEFAULT NULL,
  `FILE_LENGTH` bigint(20) DEFAULT NULL,
  `FILE_PATH` varchar(255) DEFAULT NULL,
  `FILE_URL` varchar(255) DEFAULT NULL,
  `CREATE_TIME` datetime DEFAULT NULL,
  `OWNER_TYPE` varchar(255) DEFAULT NULL,
  `OWNER_ID` varchar(255) DEFAULT NULL,
  `UPDATE_TIME` datetime DEFAULT NULL,
  PRIMARY KEY (`ID`)
) ENGINE=InnoDB DEFAULT CHARSET=utf8 COMMENT='附件表';

-- ----------------------------
-- Records of attachment
-- ----------------------------

-- ----------------------------
-- Table structure for flower_category
-- ----------------------------
DROP TABLE IF EXISTS `flower_category`;
CREATE TABLE `flower_category` (
  `ID` int(11) NOT NULL AUTO_INCREMENT,
  `NAME` varchar(255) DEFAULT NULL COMMENT '名称',
  `URL` varchar(255) DEFAULT NULL COMMENT '请求地址',
  `IMGPATH` varchar(255) DEFAULT NULL COMMENT '图片路径',
  `CREATE_TIME` datetime DEFAULT NULL,
  PRIMARY KEY (`ID`)
) ENGINE=InnoDB AUTO_INCREMENT=35 DEFAULT CHARSET=utf8;

-- ----------------------------
-- Records of flower_category
-- ----------------------------
INSERT INTO `flower_category` VALUES ('1', '草本花卉', 'http://www.aihuhua.com/baike/caoben/', 'http://pic1.huashichang.com/2013/0723/23/51ee9daccb116_70_70.jpg', '2017-05-12 10:44:00');
INSERT INTO `flower_category` VALUES ('2', '木本花卉', 'http://www.aihuhua.com/baike/muben/', 'http://pic1.huashichang.com/2013/0723/23/51ee9f923378d_70_70.jpg', '2017-05-12 10:44:00');
INSERT INTO `flower_category` VALUES ('3', '球根花卉', 'http://www.aihuhua.com/baike/qiugen/', 'http://pic1.huashichang.com/2013/0723/23/51eea0047647f_70_70.jpg', '2017-05-12 10:44:00');
INSERT INTO `flower_category` VALUES ('4', '兰科花卉', 'http://www.aihuhua.com/baike/lan/', 'http://pic1.huashichang.com/2013/0723/23/51eea1653c81a_70_70.jpg', '2017-05-12 10:44:00');
INSERT INTO `flower_category` VALUES ('5', '宿根花卉', 'http://www.aihuhua.com/baike/sugen/', 'http://pic1.huashichang.com/2013/0723/23/51eea1534c584_70_70.jpg', '2017-05-12 10:44:00');
INSERT INTO `flower_category` VALUES ('6', '仙人掌', 'http://www.aihuhua.com/baike/xianrenzhang/', 'http://pic1.huashichang.com/2013/0723/23/51eea1df50dde_70_70.jpg', '2017-05-12 10:44:00');
INSERT INTO `flower_category` VALUES ('7', '多肉多浆植物', 'http://www.aihuhua.com/baike/duorouduojiang/', 'http://pic1.huashichang.com/2013/0723/23/51eea23fc1c8d_70_70.jpg', '2017-05-12 10:44:00');
INSERT INTO `flower_category` VALUES ('8', '草坪与地被植物', 'http://www.aihuhua.com/baike/caopingdibei/', 'http://pic1.huashichang.com/2013/0723/23/51eea2b717560_70_70.jpg', '2017-05-12 10:44:00');
INSERT INTO `flower_category` VALUES ('9', '水生花卉', 'http://www.aihuhua.com/baike/shuisheng/', 'http://pic1.huashichang.com/2013/0723/23/51eea31fa673f_70_70.jpg', '2017-05-12 10:44:00');
INSERT INTO `flower_category` VALUES ('10', '蕨类植物', 'http://www.aihuhua.com/baike/juelei/', 'http://pic1.huashichang.com/2013/0723/23/51eea3824ed86_70_70.jpg', '2017-05-12 10:44:00');
INSERT INTO `flower_category` VALUES ('11', '苔藓植物', 'http://www.aihuhua.com/baike/taixian/', 'http://pic1.huashichang.com/2014/1117/23/546a1b7b6251e_70_70.jpg', '2017-05-12 10:44:00');
INSERT INTO `flower_category` VALUES ('12', '岩生花卉', 'http://www.aihuhua.com/baike/yansheng/', 'http://pic1.huashichang.com/2013/0723/23/51eea418d9f65_70_70.jpg', '2017-05-12 10:44:00');
INSERT INTO `flower_category` VALUES ('13', '食虫植物', 'http://www.aihuhua.com/baike/shichong/', 'http://pic1.huashichang.com/2013/0723/23/51eea473af954_70_70.jpg', '2017-05-12 10:44:00');
INSERT INTO `flower_category` VALUES ('14', '凤梨科植物', 'http://www.aihuhua.com/baike/fengli/', 'http://pic1.huashichang.com/2013/0723/23/51eea4dbd157b_70_70.jpg', '2017-05-12 10:44:00');
INSERT INTO `flower_category` VALUES ('15', '棕榈科植物', 'http://www.aihuhua.com/baike/zonglv/', 'http://pic1.huashichang.com/2013/0723/23/51eea5ca9e799_70_70.jpg', '2017-05-12 10:44:00');
INSERT INTO `flower_category` VALUES ('16', '藻类植物', 'http://www.aihuhua.com/baike/zaolei/', 'http://pic1.huashichang.com/2014/1118/00/546a1ba513c3a_70_70.jpg', '2017-05-12 10:44:00');
INSERT INTO `flower_category` VALUES ('17', '地衣植物', 'http://www.aihuhua.com/baike/diyi/', 'http://pic1.huashichang.com/2014/1118/00/546a1bc3e4733_70_70.jpg', '2017-05-12 10:44:00');
INSERT INTO `flower_category` VALUES ('18', '草本花卉', 'http://www.aihuhua.com/baike/caoben/', 'http://pic1.huashichang.com/2013/0723/23/51ee9daccb116_70_70.jpg', null);
INSERT INTO `flower_category` VALUES ('19', '木本花卉', 'http://www.aihuhua.com/baike/muben/', 'http://pic1.huashichang.com/2013/0723/23/51ee9f923378d_70_70.jpg', null);
INSERT INTO `flower_category` VALUES ('20', '球根花卉', 'http://www.aihuhua.com/baike/qiugen/', 'http://pic1.huashichang.com/2013/0723/23/51eea0047647f_70_70.jpg', null);
INSERT INTO `flower_category` VALUES ('21', '兰科花卉', 'http://www.aihuhua.com/baike/lan/', 'http://pic1.huashichang.com/2013/0723/23/51eea1653c81a_70_70.jpg', null);
INSERT INTO `flower_category` VALUES ('22', '宿根花卉', 'http://www.aihuhua.com/baike/sugen/', 'http://pic1.huashichang.com/2013/0723/23/51eea1534c584_70_70.jpg', null);
INSERT INTO `flower_category` VALUES ('23', '仙人掌', 'http://www.aihuhua.com/baike/xianrenzhang/', 'http://pic1.huashichang.com/2013/0723/23/51eea1df50dde_70_70.jpg', null);
INSERT INTO `flower_category` VALUES ('24', '多肉多浆植物', 'http://www.aihuhua.com/baike/duorouduojiang/', 'http://pic1.huashichang.com/2013/0723/23/51eea23fc1c8d_70_70.jpg', null);
INSERT INTO `flower_category` VALUES ('25', '草坪与地被植物', 'http://www.aihuhua.com/baike/caopingdibei/', 'http://pic1.huashichang.com/2013/0723/23/51eea2b717560_70_70.jpg', null);
INSERT INTO `flower_category` VALUES ('26', '水生花卉', 'http://www.aihuhua.com/baike/shuisheng/', 'http://pic1.huashichang.com/2013/0723/23/51eea31fa673f_70_70.jpg', null);
INSERT INTO `flower_category` VALUES ('27', '蕨类植物', 'http://www.aihuhua.com/baike/juelei/', 'http://pic1.huashichang.com/2013/0723/23/51eea3824ed86_70_70.jpg', null);
INSERT INTO `flower_category` VALUES ('28', '苔藓植物', 'http://www.aihuhua.com/baike/taixian/', 'http://pic1.huashichang.com/2014/1117/23/546a1b7b6251e_70_70.jpg', null);
INSERT INTO `flower_category` VALUES ('29', '岩生花卉', 'http://www.aihuhua.com/baike/yansheng/', 'http://pic1.huashichang.com/2013/0723/23/51eea418d9f65_70_70.jpg', null);
INSERT INTO `flower_category` VALUES ('30', '食虫植物', 'http://www.aihuhua.com/baike/shichong/', 'http://pic1.huashichang.com/2013/0723/23/51eea473af954_70_70.jpg', null);
INSERT INTO `flower_category` VALUES ('31', '凤梨科植物', 'http://www.aihuhua.com/baike/fengli/', 'http://pic1.huashichang.com/2013/0723/23/51eea4dbd157b_70_70.jpg', null);
INSERT INTO `flower_category` VALUES ('32', '棕榈科植物', 'http://www.aihuhua.com/baike/zonglv/', 'http://pic1.huashichang.com/2013/0723/23/51eea5ca9e799_70_70.jpg', null);
INSERT INTO `flower_category` VALUES ('33', '藻类植物', 'http://www.aihuhua.com/baike/zaolei/', 'http://pic1.huashichang.com/2014/1118/00/546a1ba513c3a_70_70.jpg', null);
INSERT INTO `flower_category` VALUES ('34', '地衣植物', 'http://www.aihuhua.com/baike/diyi/', 'http://pic1.huashichang.com/2014/1118/00/546a1bc3e4733_70_70.jpg', null);

-- ----------------------------
-- Table structure for leave_bill
-- ----------------------------
DROP TABLE IF EXISTS `leave_bill`;
CREATE TABLE `leave_bill` (
  `ID` bigint(20) NOT NULL AUTO_INCREMENT,
  `DAYS` int(11) DEFAULT NULL COMMENT '请假天数',
  `CONTENT` varchar(255) DEFAULT NULL,
  `REMARK` varchar(255) DEFAULT NULL,
  `LEAVE_DATE` date DEFAULT NULL COMMENT '请假开始时间',
  `STATE` int(11) DEFAULT NULL,
  `USER_ID` bigint(20) DEFAULT NULL COMMENT '请假人',
  `CREATE_DATE` datetime DEFAULT NULL,
  PRIMARY KEY (`ID`)
) ENGINE=InnoDB AUTO_INCREMENT=3 DEFAULT CHARSET=utf8;

-- ----------------------------
-- Records of leave_bill
-- ----------------------------
INSERT INTO `leave_bill` VALUES ('1', '5', '回家吃饭。。。', '回家吃饭。。。', '2017-05-24', '1', '2', '2017-05-21 15:24:04');
INSERT INTO `leave_bill` VALUES ('2', '10', '去嗨', '去浪', '2017-05-25', '1', '1', '2017-05-21 15:24:09');

-- ----------------------------
-- Table structure for menu
-- ----------------------------
DROP TABLE IF EXISTS `menu`;
CREATE TABLE `menu` (
  `ID` bigint(20) NOT NULL AUTO_INCREMENT,
  `PID` bigint(20) NOT NULL COMMENT '父ID',
  `TITLE` varchar(200) DEFAULT NULL COMMENT '菜单名称',
  `STATUS` int(11) DEFAULT '1' COMMENT '状态',
  `CREATE_TIME` datetime DEFAULT NULL,
  `HREF` varchar(200) DEFAULT NULL COMMENT '请求地址',
  `ICON` varchar(50) DEFAULT NULL COMMENT '菜单图标',
  PRIMARY KEY (`ID`,`PID`)
) ENGINE=InnoDB AUTO_INCREMENT=28 DEFAULT CHARSET=utf8mb4 COMMENT='菜单表';

-- ----------------------------
-- Records of menu
-- ----------------------------
INSERT INTO `menu` VALUES ('1', '0', '系统管理', '0', '2017-04-19 17:59:10', '', '&#xe631;');
INSERT INTO `menu` VALUES ('3', '1', '用户列表', '0', '2017-04-20 13:25:00', 'user/userPage', '&#xe612;');
INSERT INTO `menu` VALUES ('7', '1', '菜单列表', '0', '2017-04-20 14:13:36', 'menu/menuPage', '&#xe628;');
INSERT INTO `menu` VALUES ('9', '1', '角色管理', '0', '2017-04-24 09:41:00', 'role/rolePage', '&#xe62e;');
INSERT INTO `menu` VALUES ('12', '0', '文章管理', '0', '2017-04-28 10:29:42', '', '&#xe630;');
INSERT INTO `menu` VALUES ('13', '12', '文章列表', '0', '2017-04-28 10:31:01', 'article/articlePage', '&#xe636;');
INSERT INTO `menu` VALUES ('14', '0', '功能杂项', '0', '2017-05-02 10:30:57', '', '&#xe622;');
INSERT INTO `menu` VALUES ('15', '14', '二维码', '0', '2017-05-02 10:31:20', 'qrcode/qrcodePage', '&#xe650;');
INSERT INTO `menu` VALUES ('17', '0', '工作流管理', '0', '2017-05-16 17:38:37', '', '&#xe62c;');
INSERT INTO `menu` VALUES ('18', '17', '流程列表', '0', '2017-05-16 17:39:54', 'process/processPage', '&#xe617;');
INSERT INTO `menu` VALUES ('19', '17', '请假列表', '0', '2017-05-17 17:19:49', 'leaveBill/leaveBillPage', '&#xe606;');
INSERT INTO `menu` VALUES ('21', '0', '动态任务管理', '0', '2017-05-19 09:50:28', '', '&#xe600;');
INSERT INTO `menu` VALUES ('22', '21', '任务列表', '0', '2017-05-19 09:51:05', 'job/jobPage', '&#xe609;');
INSERT INTO `menu` VALUES ('23', '17', '运行流程列表', '0', '2017-05-21 16:21:18', 'process/runningProcessPage', '&#xe60e;');
INSERT INTO `menu` VALUES ('24', '17', '任务管理', '0', '2017-05-22 15:57:10', 'process/taskProcessPage', '&#xe60b;');
INSERT INTO `menu` VALUES ('25', '0', '商品比价管理', '0', '2017-07-24 16:35:39', '', '&#xe62c;');
INSERT INTO `menu` VALUES ('26', '25', 'URL资源列表', '0', '2017-07-24 16:36:49', 'goods/parityPage', '&#xe60c;');
INSERT INTO `menu` VALUES ('27', '25', '商品列表', '0', '2017-07-24 18:05:59', 'goods/skuInfoPage', '&#xe650;');

-- ----------------------------
-- Table structure for person
-- ----------------------------
DROP TABLE IF EXISTS `person`;
CREATE TABLE `person` (
  `ID` bigint(20) NOT NULL AUTO_INCREMENT,
  `NAME` varchar(255) DEFAULT NULL,
  `AGE` int(11) DEFAULT NULL,
  PRIMARY KEY (`ID`)
) ENGINE=InnoDB AUTO_INCREMENT=13 DEFAULT CHARSET=utf8;

-- ----------------------------
-- Records of person
-- ----------------------------
INSERT INTO `person` VALUES ('5', '小强', '10');
INSERT INTO `person` VALUES ('6', '小花', '10');
INSERT INTO `person` VALUES ('7', 'jack', '10');
INSERT INTO `person` VALUES ('8', 'rose', '10');
INSERT INTO `person` VALUES ('9', 'AAA', '20');
INSERT INTO `person` VALUES ('11', 'handx', '20');
INSERT INTO `person` VALUES ('12', 'kangkang', '15');

-- ----------------------------
-- Table structure for personjpa
-- ----------------------------
DROP TABLE IF EXISTS `personjpa`;
CREATE TABLE `personjpa` (
  `ID` bigint(20) NOT NULL AUTO_INCREMENT,
  `NAME` varchar(255) DEFAULT NULL,
  `AGE` int(11) DEFAULT NULL,
  PRIMARY KEY (`ID`)
) ENGINE=InnoDB AUTO_INCREMENT=2 DEFAULT CHARSET=utf8;

-- ----------------------------
-- Records of personjpa
-- ----------------------------
INSERT INTO `personjpa` VALUES ('1', 'test', '10');

-- ----------------------------
-- Table structure for role
-- ----------------------------
DROP TABLE IF EXISTS `role`;
CREATE TABLE `role` (
  `ID` bigint(20) NOT NULL AUTO_INCREMENT,
  `TITLE` varchar(255) DEFAULT NULL COMMENT '角色名称',
  `STATUS` int(11) DEFAULT NULL COMMENT '状态',
  `CREATE_TIME` datetime DEFAULT NULL,
  PRIMARY KEY (`ID`)
) ENGINE=InnoDB AUTO_INCREMENT=3 DEFAULT CHARSET=utf8mb4 COMMENT='权限表';

-- ----------------------------
-- Records of role
-- ----------------------------
INSERT INTO `role` VALUES ('1', '超级管理员', '0', '2017-04-19 17:56:02');
INSERT INTO `role` VALUES ('2', 'test', '0', '2017-04-24 10:41:24');

-- ----------------------------
-- Table structure for role_menu
-- ----------------------------
DROP TABLE IF EXISTS `role_menu`;
CREATE TABLE `role_menu` (
  `ID` bigint(20) NOT NULL AUTO_INCREMENT,
  `ROLE_ID` bigint(20) DEFAULT NULL COMMENT '角色ID',
  `MENU_ID` bigint(20) DEFAULT NULL COMMENT '菜单ID',
  `CREATE_TIME` datetime DEFAULT NULL,
  PRIMARY KEY (`ID`)
) ENGINE=InnoDB AUTO_INCREMENT=275 DEFAULT CHARSET=utf8mb4 COMMENT='权限菜单表';

-- ----------------------------
-- Records of role_menu
-- ----------------------------
INSERT INTO `role_menu` VALUES ('125', '2', '3', '2017-04-27 17:20:32');
INSERT INTO `role_menu` VALUES ('126', '2', '1', '2017-04-27 17:20:32');
INSERT INTO `role_menu` VALUES ('257', '1', '1', '2017-07-24 18:06:47');
INSERT INTO `role_menu` VALUES ('258', '1', '3', '2017-07-24 18:06:47');
INSERT INTO `role_menu` VALUES ('259', '1', '7', '2017-07-24 18:06:47');
INSERT INTO `role_menu` VALUES ('260', '1', '9', '2017-07-24 18:06:47');
INSERT INTO `role_menu` VALUES ('261', '1', '12', '2017-07-24 18:06:47');
INSERT INTO `role_menu` VALUES ('262', '1', '13', '2017-07-24 18:06:47');
INSERT INTO `role_menu` VALUES ('263', '1', '14', '2017-07-24 18:06:47');
INSERT INTO `role_menu` VALUES ('264', '1', '15', '2017-07-24 18:06:47');
INSERT INTO `role_menu` VALUES ('265', '1', '17', '2017-07-24 18:06:47');
INSERT INTO `role_menu` VALUES ('266', '1', '18', '2017-07-24 18:06:47');
INSERT INTO `role_menu` VALUES ('267', '1', '19', '2017-07-24 18:06:47');
INSERT INTO `role_menu` VALUES ('268', '1', '21', '2017-07-24 18:06:47');
INSERT INTO `role_menu` VALUES ('269', '1', '22', '2017-07-24 18:06:47');
INSERT INTO `role_menu` VALUES ('270', '1', '23', '2017-07-24 18:06:47');
INSERT INTO `role_menu` VALUES ('271', '1', '24', '2017-07-24 18:06:47');
INSERT INTO `role_menu` VALUES ('272', '1', '25', '2017-07-24 18:06:47');
INSERT INTO `role_menu` VALUES ('273', '1', '26', '2017-07-24 18:06:47');
INSERT INTO `role_menu` VALUES ('274', '1', '27', '2017-07-24 18:06:47');

-- ----------------------------
-- Table structure for role_user
-- ----------------------------
DROP TABLE IF EXISTS `role_user`;
CREATE TABLE `role_user` (
  `ID` bigint(20) NOT NULL AUTO_INCREMENT,
  `ROLE_ID` bigint(20) DEFAULT NULL COMMENT '角色ID',
  `USER_ID` bigint(20) DEFAULT NULL COMMENT '用户ID',
  `CREATE_TIME` datetime DEFAULT NULL,
  PRIMARY KEY (`ID`)
) ENGINE=InnoDB AUTO_INCREMENT=7 DEFAULT CHARSET=utf8mb4 COMMENT='权限用户表';

-- ----------------------------
-- Records of role_user
-- ----------------------------
INSERT INTO `role_user` VALUES ('1', '1', '1', '2017-04-19 17:55:02');
INSERT INTO `role_user` VALUES ('2', '2', '2', '2017-04-24 14:29:10');
INSERT INTO `role_user` VALUES ('5', '1', '5', '2017-04-27 17:42:29');
INSERT INTO `role_user` VALUES ('6', '1', '6', '2017-04-28 09:47:25');

-- ----------------------------
-- Table structure for schedule_job
-- ----------------------------
DROP TABLE IF EXISTS `schedule_job`;
CREATE TABLE `schedule_job` (
  `JOB_ID` bigint(20) NOT NULL AUTO_INCREMENT,
  `JOB_NAME` varchar(255) DEFAULT NULL COMMENT '任务名称',
  `JOB_GROUP` varchar(255) DEFAULT NULL COMMENT '任务分组',
  `JOB_STATUS` varchar(255) DEFAULT NULL COMMENT '任务状态 1开启：0停止',
  `CRON_EXPRESSION` varchar(255) DEFAULT NULL COMMENT 'cron表达式',
  `DESCRIPTION` varchar(255) DEFAULT NULL COMMENT '描述',
  `BEAN_CLASS` varchar(255) DEFAULT NULL COMMENT '调用类（包名加类名）',
  `SPRING_ID` varchar(255) DEFAULT NULL COMMENT 'spring bean 名称',
  `METHOD_NAME` varchar(255) DEFAULT NULL COMMENT '调用方法名称',
  `CREATE_TIME` datetime DEFAULT NULL,
  `UPDATE_TIME` datetime DEFAULT NULL,
  PRIMARY KEY (`JOB_ID`)
) ENGINE=InnoDB AUTO_INCREMENT=8 DEFAULT CHARSET=utf8 COMMENT='定时任务表';

-- ----------------------------
-- Records of schedule_job
-- ----------------------------
INSERT INTO `schedule_job` VALUES ('2', 'main', 'main', '0', '0/1 * * * * ?', '	this is test', 'com.wish.quartz.Handx', '', 'main', '2017-05-08 09:48:23', '2017-05-08 14:25:13');
INSERT INTO `schedule_job` VALUES ('4', 'springBean', 'springBean', '0', '0/1 * * * * ?', '这是调用一个springid测试', '', 'mySpringQuartz', 'run', '2017-05-08 13:58:56', '2017-05-11 14:34:56');
INSERT INTO `schedule_job` VALUES ('5', 'startProcess', 'startProcess', '0', '0/5 * * * * ?', '定时启动请假', '', 'leaveBillService', 'startProcess', '2017-05-19 09:43:09', '2017-07-18 16:55:28');
INSERT INTO `schedule_job` VALUES ('6', 'initRedisData', 'initRedisData', '0', '0/5 * * * * ?', '定时同步数据到redis中', '', 'redisScheduler', 'initRedis', '2017-05-19 10:56:22', '2017-05-19 18:22:37');
INSERT INTO `schedule_job` VALUES ('7', '爬虫', 'crawler', '1', '0 45 14 ? * *', '京东爬虫', '', 'jdMain', 'jdMain', '2017-07-27 16:38:44', '2017-07-31 14:43:33');

-- ----------------------------
-- Table structure for sku_info
-- ----------------------------
DROP TABLE IF EXISTS `sku_info`;
CREATE TABLE `sku_info` (
  `ID` bigint(20) NOT NULL AUTO_INCREMENT,
  `SKU_SRC_ID` bigint(20) DEFAULT NULL,
  `TITLE` varchar(255) DEFAULT NULL,
  `SUBTITLE` varchar(255) DEFAULT NULL,
  `PRICE` decimal(10,0) DEFAULT NULL,
  `DATE_ID` datetime DEFAULT NULL,
  PRIMARY KEY (`ID`)
) ENGINE=InnoDB AUTO_INCREMENT=11 DEFAULT CHARSET=utf8 COMMENT='爬虫商品表';

-- ----------------------------
-- Records of sku_info
-- ----------------------------
INSERT INTO `sku_info` VALUES ('2', '1', '【京东超市】Olay玉兰油 水感透白光塑晚安水凝膜130g 亮肤睡眠面膜免洗', '京仓发货，品质保障！清凉一下，幸福不怕晒！更多活动详见链接', '159', '2017-07-31 00:00:00');
INSERT INTO `sku_info` VALUES ('3', '2', '【京东超市】良品铺子京致礼盒 干果坚果 零食大礼包 14袋装 送礼 每日坚果 组合装混合套餐 1548g', '【京东自营】【良品铺子致女神礼盒】 有故事·好零食(此商品不参加上述活动)July要好食光，热热热热热热热！不出门，快乐享购！高颜值美食，看这里》', '118', '2017-07-31 00:00:00');
INSERT INTO `sku_info` VALUES ('4', '3', '【京东超市】三只松鼠 坚果炒货 零食奶油味 夏威夷果265g/袋', '三只松鼠京东自营新品零食狂欢爆款低至199减100', '26', '2017-07-31 00:00:00');
INSERT INTO `sku_info` VALUES ('5', '4', '【京东超市】沃隆 每日坚果 坚果炒货 休闲零食  成人款 （25g*30包） 750g/盒', '', '148', '2017-07-31 00:00:00');
INSERT INTO `sku_info` VALUES ('6', '5', '【京东超市】三只松鼠 坚果炒货 零食奶香味 手剥巴旦木235g/袋', '三只松鼠京东自营新品零食狂欢爆款低至199减100', '20', '2017-07-31 00:00:00');
INSERT INTO `sku_info` VALUES ('7', '6', '格力（GREE）正1.5匹 变频 品圆 冷暖 壁挂式空调 KFR-35GW/(35592)FNhDa-A3', '【格力月末放“价”购】抗暑实力派！这个夏天有它就够了！凑单套购更优惠~满6000减200，满10000减400~~~7万好评！节能省电！冰临盛夏优惠购~部分产品白条六期免息~', '3379', '2017-07-31 00:00:00');
INSERT INTO `sku_info` VALUES ('8', '7', '格力（GREE）正1.5匹 定速 品圆 冷暖 壁挂式空调 KFR-35GW/(35592)NhDa-3', '【格力月末放“价”购】抗暑实力派！这个夏天有它就够了！凑单套购更优惠~满6000减200，满10000减400~~~4万好评！高性价比！冰临盛夏优惠购~部分产品白条六期免息~', '2779', '2017-07-31 00:00:00');
INSERT INTO `sku_info` VALUES ('9', '8', '格力(GREE) 3匹 变频 Q铂 立柜式冷暖空调 KFR-72LW/(72596)FNAa-A3', '【16点开抢！满减成交价6459！格力月末放“价”购！】抗暑实力派！这个夏天有它就够了！凑单套购更优惠~满6000减200，满10000减400~~~2万好评！冰临盛夏优惠购~部分产品白条六期免息~', '6699', '2017-07-31 00:00:00');
INSERT INTO `sku_info` VALUES ('10', '9', '格力（GREE）正1.5匹 变频冷暖 智享 微联智能 壁挂式空调 KFR-35GW/(35559)FNAd-A3（WIFI）', '【格力月末放“价”购！】抗暑实力派！这个夏天有它就够了！凑单套购更优惠~满6000减200，满10000减400~~~3万好评！柔湿温控！冰临盛夏优惠购~部分产品白条六期免息~', '3379', '2017-07-31 00:00:00');

-- ----------------------------
-- Table structure for sku_src
-- ----------------------------
DROP TABLE IF EXISTS `sku_src`;
CREATE TABLE `sku_src` (
  `ID` bigint(20) NOT NULL AUTO_INCREMENT,
  `SKU_CODE` varchar(255) DEFAULT NULL COMMENT '商品Id',
  `PLATFM_CODE` int(11) DEFAULT NULL COMMENT '来源',
  `URL` varchar(255) DEFAULT NULL COMMENT '地址',
  `CREATE_TIME` datetime DEFAULT NULL,
  PRIMARY KEY (`ID`)
) ENGINE=InnoDB AUTO_INCREMENT=10 DEFAULT CHARSET=utf8 COMMENT='爬虫资源表';

-- ----------------------------
-- Records of sku_src
-- ----------------------------
INSERT INTO `sku_src` VALUES ('1', '10586461914', '1', 'https://item.m.jd.com/product/10586461914.html', '2017-07-24 17:58:29');
INSERT INTO `sku_src` VALUES ('2', '4821384', '1', 'https://item.m.jd.com/product/4821384.html', '2017-07-31 14:24:02');
INSERT INTO `sku_src` VALUES ('3', '2518087', '1', 'https://item.m.jd.com/product/2518087.html', '2017-07-31 14:24:31');
INSERT INTO `sku_src` VALUES ('4', '2156342', '1', 'https://item.m.jd.com/product/2156342.html', '2017-07-31 14:25:57');
INSERT INTO `sku_src` VALUES ('5', '2543198', '1', 'https://item.m.jd.com/product/2543198.html', '2017-07-31 14:26:43');
INSERT INTO `sku_src` VALUES ('6', '1993092', '1', 'https://item.m.jd.com/product/1993092.html', '2017-07-31 14:27:56');
INSERT INTO `sku_src` VALUES ('7', '1993087', '1', 'https://item.m.jd.com/product/1993087.html', '2017-07-31 14:30:35');
INSERT INTO `sku_src` VALUES ('8', '1361956', '1', 'https://item.m.jd.com/product/1361956.html', '2017-07-31 14:34:10');
INSERT INTO `sku_src` VALUES ('9', '2942414', '1', 'https://item.m.jd.com/product/2942414.html', '2017-07-31 14:41:05');

-- ----------------------------
-- Table structure for user
-- ----------------------------
DROP TABLE IF EXISTS `user`;
CREATE TABLE `user` (
  `ID` bigint(20) NOT NULL AUTO_INCREMENT COMMENT 'ID',
  `NAME` varchar(100) DEFAULT NULL COMMENT '姓名',
  `PASSWORD` varchar(64) DEFAULT NULL COMMENT '密码',
  `ACCOUNT` varchar(64) DEFAULT NULL COMMENT '账号',
  `PHONE` varchar(11) DEFAULT NULL COMMENT '联系方式',
  `STATUS` int(11) DEFAULT NULL COMMENT '状态',
  `CREATE_TIME` datetime DEFAULT NULL COMMENT '新建时间',
  PRIMARY KEY (`ID`)
) ENGINE=InnoDB AUTO_INCREMENT=3 DEFAULT CHARSET=utf8mb4 COMMENT='用户表';

-- ----------------------------
-- Records of user
-- ----------------------------
INSERT INTO `user` VALUES ('1', '超级超级小管理', 'e10adc3949ba59abbe56e057f20f883e', '12345', '110', '0', '2017-04-19 17:13:40');
INSERT INTO `user` VALUES ('2', 'handx', 'e10adc3949ba59abbe56e057f20f883e', '123456', '110', '0', '2017-04-20 14:28:54');
